Date,Home Team,Home Score,Away Team,Away Score
2021-08-27,New Covenant Academy,0,Bolivar,5
2021-08-27,West Plains,1,Carl Junction,0
2021-08-27,Priory,0,Clayton,1
2021-08-27,Lebanon,3,Fair Grove,1
2021-08-27,Parkway West,0,Fox,1
2021-08-27,Canton,0,Francis Howell,10
2021-08-27,Nixa,3,Hickman,2
2021-08-27,Rockwood Summit,7,Holt,1
2021-08-27,Rock Bridge,3,Kickapoo,1
2021-08-27,De Smet Jesuit,2,Lafayette (Wildwood),3
2021-08-27,Parkway Central,0,Liberty (Wentzville),5
2021-08-27,Greenwood,0,Logan-Rogersville,5
2021-08-27,Westminster Christian Academy,7,Lutheran South,0
2021-08-27,Parkway South,1,Marquette,2
2021-08-27,Webb City,0,Marshfield,2
2021-08-27,Timberland,1,Mehlville,6
2021-08-27,Principia,2,MICDS,1
2021-08-27,Union,1,Northwest (Cedar Hill),2
2021-08-27,Savannah,1,Osage,3
2021-08-27,Waynesville,3,Republic,5
2021-08-27,Park Hill South,0,Rockhurst,4
2021-08-27,Central (Springfield),0,Springfield Catholic,3
2021-08-27,Ozark,2,Webster Groves,1
2021-08-27,Sacred Heart,8,Willard,6
2021-08-28,Raytown South,0,Blue Springs,7
2021-08-28,North Kansas City,0,Blue Springs South,8
2021-08-28,Southern Boone,0,Capital City,5
2021-08-28,Webb City,2,Carl Junction,0
2021-08-28,Fair Grove,0,Carl Junction,5
2021-08-28,Ozark,1,Chaminade College Prep,1
2021-08-28,Greenwood,7,Fair Grove,0
2021-08-28,Veritas Christian Academy,1,Father Tolton,6
2021-08-28,Farmington,4,Fox,3
2021-08-28,Parkway North,0,Francis Howell Central,3
2021-08-28,Lutheran St. Charles,1,Ft. Zumwalt North,2
2021-08-28,Ritenour,1,Ft. Zumwalt West,3
2021-08-28,Liberty North,3,Grain Valley,0
2021-08-28,East (Kansas City),1,Harrisonville,1
2021-08-28,Camdenton,0,Jefferson City,1
2021-08-28,Notre Dame (Cape Girardeau),3,John Burroughs,2
2021-08-28,West Plains,2,Joplin,5
2021-08-28,Hickman,4,Kickapoo,1
2021-08-28,Canton,0,Ladue Horton Watkins,10
2021-08-28,Staley,0,Lee's Summit North,4
2021-08-28,Guadalupe Centers Charter,0,Liberty,2
2021-08-28,West Plains,1,Logan-Rogersville,2
2021-08-28,St. Pius X (Festus),8,Maplewood-Richmond Hts.,0
2021-08-28,Logan-Rogersville,3,Marshfield,1
2021-08-28,Lebanon,1,Marshfield,2
2021-08-28,Rock Bridge,1,Nixa,2
2021-08-28,Sacred Heart,5,Osage,4
2021-08-28,Willard,2,Savannah,3
2021-08-28,Troy Buchanan,3,St. Charles,2
2021-08-28,Missouri Military Academy,0,St. Paul Lutheran (Concordia),5
2021-08-28,Greenwood,1,Webb City,2
2021-08-28,St. Michael the Archangel,5,St. Charles,2
2021-08-28,Bishop DuBourg,7,Valley Park,1
2021-08-28,St. Pius X (Kansas City),0,Van Horn,8
2021-08-28,St. Dominic,1,Vianney,0
2021-08-28,Lebanon,0,West Plains,2
2021-08-28,Central (Springfield),3,West Plains,1
2021-08-30,Fox,3,Bayless,0
2021-08-30,Lafayette (St. Joseph),0,Benton,1
2021-08-30,Bishop LeBlond,3,Central (St. Joseph),2
2021-08-30,Lutheran North,0,John Burroughs,8
2021-08-30,Rockwood Summit,3,Lafayette (Wildwood),0
2021-08-30,Guadalupe Centers Charter,2,Lee's Summit North,1
2021-08-30,Staley,1,Liberty,2
2021-08-30,Pleasant Hill,5,Lone Jack,1
2021-08-30,Cameron,0,Maryville,8
2021-08-30,Parkview,4,Monett,0
2021-08-30,St. Charles,4,North Kansas City,3
2021-08-30,St. Pius X (Kansas City),3,Raytown South,2
2021-08-30,Fatima,5,Willard,0
2021-08-30,Summit Christian Academy,5,Warrensburg,1
2021-08-30,Parkway South,0,Webster Groves,2
2021-08-30,Raytown,0,William Chrisman,3
2021-08-30,Canton,2,Winfield,0
2021-08-31,Gateway Science Charter,2,Affton,5
2021-08-31,Cassville,5,Aurora,2
2021-08-31,Smithville,1,Belton,3
2021-08-31,Bishop LeBlond,3,Benton,0
2021-08-31,Van Horn,1,Blue Springs,2
2021-08-31,St. Michael the Archangel,0,Blue Springs South,3
2021-08-31,Clinton,3,Boonville,0
2021-08-31,DeSoto,1,Brentwood,2
2021-08-31,Chillicothe,8,Cameron,0
2021-08-31,Branson,1,Carthage,2
2021-08-31,Lafayette (St. Joseph),0,Central (St. Joseph),6
2021-08-31,John Burroughs,6,Clayton,2
2021-08-31,Knob Noster,5,Cole Camp,2
2021-08-31,Liberty North,2,East (Kansas City),0
2021-08-31,Fulton,9,Fatima,1
2021-08-31,Oakville,0,Francis Howell,1
2021-08-31,Mehlville,6,Francis Howell North,1
2021-08-31,Ft. Zumwalt East,0,Ft. Zumwalt South,4
2021-08-31,Troy Buchanan,0,Ft. Zumwalt West,5
2021-08-31,West Plains,6,Greenwood,0
2021-08-31,Grain Valley,4,Harrisonville,0
2021-08-31,Savannah,3,Helias Catholic,4
2021-08-31,Northwest (Cedar Hill),6,Hillsboro,2
2021-08-31,Capital City,3,Jefferson City,1
2021-08-31,Carl Junction,0,Joplin,8
2021-08-31,Park Hill,5,Kearney,0
2021-08-31,Hillcrest,0,Kickapoo,9
2021-08-31,Holt,0,Lafayette (Wildwood),3
2021-08-31,Rockwood Summit,3,Lafayette (Wildwood),0
2021-08-31,Glendale,9,Lebanon,0
2021-08-31,Mehlville,1,Liberty (Wentzville),0
2021-08-31,Whitfield,0,Lindbergh,2
2021-08-31,Priory,9,Lutheran North,1
2021-08-31,MICDS,6,Lutheran South,0
2021-08-31,SLUH,2,Marquette,2
2021-08-31,Moberly,3,Marshall,4
2021-08-31,Barstow,2,Maryville,4
2021-08-31,New Covenant Academy,1,McDonald County,0
2021-08-31,Warrenton,4,Missouri Military Academy,10
2021-08-31,Neosho,4,Nixa,2
2021-08-31,Seckman,5,North County,1
2021-08-31,Platte County,8,Northeast (Kansas City),0
2021-08-31,Perryville,1,Notre Dame (Cape Girardeau),5
2021-08-31,Cristo Rey,1,Oak Grove,9
2021-08-31,Raytown,0,Oak Park,3
2021-08-31,William Chrisman,6,Odessa,0
2021-08-31,Farmington,1,Orchard Farm,2
2021-08-31,Webster Groves,3,Pacific,0
2021-08-31,Lee's Summit West,1,Park Hill South,2
2021-08-31,Central (Springfield),3,Parkview,2
2021-08-31,Lutheran St. Charles,0,Parkway North,1
2021-08-31,Eureka,1,Parkway South,2
2021-08-31,Ladue Horton Watkins,3,Parkway West,0
2021-08-31,Liberty (Wentzville),0,Pattonville,0
2021-08-31,Rockhurst,5,Raymore-Peculiar,0
2021-08-31,St. Pius X (Kansas City),3,Raytown South,2
2021-08-31,Ozark,3,Republic,1
2021-08-31,Camdenton,0,Rolla,1
2021-08-31,Grandview,5,Savannah,0
2021-08-31,Osage,1,Southern Boone,2
2021-08-31,Ritenour,2,St. Charles,3
2021-08-31,Fredericktown,4,St. Clair,1
2021-08-31,Father Tolton,0,St. Dominic,5
2021-08-31,Summit Christian Academy,2,St. Paul Lutheran (Concordia),3
2021-08-31,Webb City,0,Washington,1
2021-08-31,Bolivar,2,Waynesville,3
2021-08-31,Principia,0,Westminster Christian Academy,8
2021-08-31,Webb City,4,Willard,3
2021-08-31,Wright City,0,Winfield,2
2021-08-31,Excelsior Springs,3,Winnetonka,0
2021-09-01,Bishop LeBlond,3,Benton,0
2021-09-01,University City,3,Festus,5
2021-09-01,Windsor (Imperial),2,Fox,1
2021-09-01,Pattonville,0,Francis Howell,4
2021-09-01,Pattonville,0,Francis Howell North,4
2021-09-01,Francis Howell Central,2,Ft. Zumwalt North,1
2021-09-01,Fort Osage,4,Grandview,0
2021-09-01,Staley,3,Guadalupe Centers Charter,4
2021-09-01,De Smet Jesuit,2,Holt,1
2021-09-01,Liberty,2,Lee's Summit North,1
2021-09-01,Excelsior Springs,1,Lincoln College Prep,7
2021-09-01,Sacred Heart,2,Maryville,2
2021-09-01,Pacific,3,North County,2
2021-09-01,Raytown South,1,North Kansas City,2
2021-09-01,St. Charles West,0,North Point,3
2021-09-01,Lutheran (Kansas City),3,Northeast (Kansas City),1
2021-09-01,Westminster Christian Academy,8,Principia,0
2021-09-01,Glendale,3,Republic,1
2021-09-01,Winnetonka,3,Savannah,1
2021-09-01,Webster Groves,0,Seckman,2
2021-09-01,St. Pius X (Kansas City),1,St. Charles,3
2021-09-01,St. Paul Lutheran (Concordia),5,Warrensburg,3
2021-09-02,New Covenant Academy,4,Aurora,1
2021-09-02,Sacred Heart,4,Barstow,1
2021-09-02,Pacific,1,Bayless,0
2021-09-02,Raytown,0,Belton,4
2021-09-02,St. Pius X (Festus),3,Bishop DuBourg,1
2021-09-02,Blue Springs South,2,Blue Springs,1
2021-09-02,Parkview,5,Carl Junction,0
2021-09-02,McDonald County,2,Cassville,1
2021-09-02,Cristo Rey,1,Center,7
2021-09-02,Benton,0,Central (St. Joseph),4
2021-09-02,Lindbergh,1,Christian Brothers College,3
2021-09-02,Northwest (Cedar Hill),4,Eureka,0
2021-09-02,Willard,5,Fair Grove,4
2021-09-02,Rolla,2,Fatima,1
2021-09-02,Webster Groves,1,Fox,0
2021-09-02,Parkway Central,1,Francis Howell North,1
2021-09-02,Notre Dame (Cape Girardeau),4,Fredericktown,1
2021-09-02,Troy Buchanan,2,Ft. Zumwalt North,1
2021-09-02,Francis Howell Central,4,Ft. Zumwalt West,3
2021-09-02,Mexico,1,Fulton,5
2021-09-02,Excelsior Springs,3,Grandview,0
2021-09-02,Bolivar,2,Greenwood,1
2021-09-02,Kirksville,0,Hannibal,8
2021-09-02,Logan-Rogersville,6,Hillcrest,0
2021-09-02,Central (Cape Girardeau),0,Jackson,2
2021-09-02,Nixa,2,Kickapoo,3
2021-09-02,Parkway South,0,Kirkwood,2
2021-09-02,Odessa,5,Knob Noster,3
2021-09-02,Bishop LeBlond,8,Lafayette (St. Joseph),0
2021-09-02,Holt,0,Lafayette (Wildwood),3
2021-09-02,Iberia,2,Laquey,3
2021-09-02,Lee's Summit,2,Lee's Summit West,1
2021-09-02,Fort Osage,1,Lincoln College Prep,2
2021-09-02,Valley Park,2,Maplewood-Richmond Hts.,3
2021-09-02,Chillicothe,0,Marshall,3
2021-09-02,Gateway Science Charter,5,Metro,1
2021-09-02,Moberly,7,Missouri Military Academy,1
2021-09-02,Webb City,3,Monett,1
2021-09-02,Pembroke Hill,8,Oak Grove,0
2021-09-02,Ft. Zumwalt South,0,Oakville,2
2021-09-02,Timberland,2,Pattonville,1
2021-09-02,Lutheran (Kansas City),0,Platte County,8
2021-09-02,Lutheran St. Charles,2,Ritenour,1
2021-09-02,Father Tolton,0,Rock Bridge,1
2021-09-02,De Smet Jesuit,3,Rockwood Summit,1
2021-09-02,Republic,0,Savannah,2
2021-09-02,Kearney,0,Smithville,2
2021-09-02,Boonville,0,Southern Boone,4
2021-09-02,Branson,1,Springfield Catholic,0
2021-09-02,Warrenton,0,St. Charles West,2
2021-09-02,St. Francis Borgia,0,St. Dominic,4
2021-09-02,St. Clair,1,Webb City,3
2021-09-02,Waynesville,3,Union,4
2021-09-02,St. Michael the Archangel,0,Van Horn,4
2021-09-02,Ft. Zumwalt East,2,Washington,1
2021-09-02,Camdenton,0,West Plains,3
2021-09-02,Oak Park,0,William Chrisman,6
2021-09-02,Seckman,2,Windsor (Imperial),0
2021-09-02,Orchard Farm,6,Winfield,0
2021-09-03,McDonald County,1,Aurora,1
2021-09-03,Bayless,1,Brentwood,3
2021-09-03,Principia,0,Clayton,1
2021-09-03,Ladue Horton Watkins,3,Eureka,2
2021-09-03,Poplar Bluff,8,Fredericktown,0
2021-09-03,Capital City,0,Hickman,5
2021-09-03,Pembroke Hill,1,Kickapoo,0
2021-09-03,Dixon,3,Lebanon,4
2021-09-03,Duchesne,0,Lutheran St. Charles,2
2021-09-03,St. Francis Borgia,0,Notre Dame (Cape Girardeau),7
2021-09-03,Marquette,4,Parkway West,0
2021-09-03,Timberland,4,Rockwood Summit,2
2021-09-03,Glendale,1,SLUH,3
2021-09-03,Orchard Farm,4,Washington,0
2021-09-03,Chaminade College Prep,1,Whitfield,2
2021-09-03,Union,3,Wright City,0
2021-09-04,McDonald County,1,Aurora,1
2021-09-04,New Covenant Academy,7,Cassville,0
2021-09-04,Central (Cape Girardeau),8,Fredericktown,0
2021-09-04,Notre Dame (Cape Girardeau),0,Jackson,1
2021-09-04,Westminster Christian Academy,0,John Burroughs,3
2021-09-04,Rock Bridge,1,Liberty (Wentzville),2
2021-09-04,Lutheran South,6,Lutheran North,1
2021-09-04,Priory,0,MICDS,2
2021-09-04,Central (Cape Girardeau),5,Poplar Bluff,0
2021-09-04,St. Francis Borgia,4,Poplar Bluff,5
2021-09-04,Glendale,1,SLUH,3
2021-09-04,Pembroke Hill,1,Springfield Catholic,2
2021-09-04,Glendale,2,Vianney,1
2021-09-06,Rockhurst,8,Cameron,0
2021-09-06,Monett,1,Carl Junction,0
2021-09-06,West Plains,8,Cassville,0
2021-09-06,Maryville,3,Chillicothe,1
2021-09-06,Lone Jack,2,Oak Grove,5
2021-09-07,St. Pius X (Festus),3,Affton,1
2021-09-07,Willard,7,Aurora,2
2021-09-07,Northeast (Kansas City),0,Bishop LeBlond,7
2021-09-07,Rolla,3,Bolivar,2
2021-09-07,Carl Junction,0,Branson,8
2021-09-07,Parkview,4,Camdenton,5
2021-09-07,Lone Jack,8,Cameron,0
2021-09-07,Lebanon,0,Central (Springfield),4
2021-09-07,Lincoln College Prep,1,Central (St. Joseph),3
2021-09-07,Lafayette (St. Joseph),0,Chillicothe,6
2021-09-07,Summit Christian Academy,6,Cristo Rey,1
2021-09-07,Windsor (Imperial),0,Eureka,6
2021-09-07,Fort Osage,3,Excelsior Springs,2
2021-09-07,Central (Cape Girardeau),6,Farmington,1
2021-09-07,Capital City,7,Fatima,0
2021-09-07,Pacific,0,Fox,8
2021-09-07,Troy Buchanan,1,Francis Howell,4
2021-09-07,Ft. Zumwalt East,1,Francis Howell Central,2
2021-09-07,Ft. Zumwalt North,2,Ft. Zumwalt South,6
2021-09-07,Liberty (Wentzville),2,Ft. Zumwalt West,0
2021-09-07,Boonville,1,Fulton,5
2021-09-07,Kickapoo,1,Glendale,2
2021-09-07,Odessa,8,Green Ridge,0
2021-09-07,Laquey,1,Greenwood,2
2021-09-07,Jefferson City,0,Hickman,4
2021-09-07,Timberland,6,Hillsboro,2
2021-09-07,Vianney,4,Holt,1
2021-09-07,Carthage,2,Joplin,3
2021-09-07,Smithton,6,Knob Noster,0
2021-09-07,Rockhurst,0,Lee's Summit,1
2021-09-07,Priory,1,Lindbergh,1
2021-09-07,Westminster Christian Academy,6,Lutheran North,2
2021-09-07,Springfield Catholic,7,Marshfield,0
2021-09-07,Smithville,4,Maryville,2
2021-09-07,Marshall,5,Mexico,2
2021-09-07,Canton,1,Moberly,8
2021-09-07,Ozark,3,Neosho,4
2021-09-07,Pleasant Hill,1,North Kansas City,6
2021-09-07,Rockhurst,8,Oak Grove,0
2021-09-07,St. Dominic,2,Oakville,2
2021-09-07,St. Charles,1,Orchard Farm,2
2021-09-07,Cole Camp,0,Osage,8
2021-09-07,Raymore-Peculiar,2,Park Hill,1
2021-09-07,Union,0,Parkway West,4
2021-09-07,Duchesne,0,Pattonville,2
2021-09-07,Raytown South,0,Platte County,8
2021-09-07,Hancock,0,Ritenour,8
2021-09-07,Hazelwood West,1,Rockwood Summit,4
2021-09-07,Father Tolton,2,Sacred Heart,4
2021-09-07,Kearney,5,Savannah,1
2021-09-07,Warrensburg,0,Savannah,8
2021-09-07,St. Francis Borgia,2,Southern Boone,4
2021-09-07,Lutheran St. Charles,0,Webster Groves,1
2021-09-07,Guadalupe Centers Charter,5,St. Pius X (Kansas City),0
2021-09-07,Rock Bridge,5,Willard,1
2021-09-07,Hazelwood East,1,Webb City,7
2021-09-07,Oak Park,1,St. Charles,4
2021-09-07,Festus,5,Valley Park,6
2021-09-07,St. Charles West,1,Veritas Christian Academy,0
2021-09-07,West Plains,5,Waynesville,4
2021-09-07,Nixa,2,Webb City,1
2021-09-07,Lafayette (Wildwood),0,Webster Groves,4
2021-09-07,Republic,3,Willard,0
2021-09-07,Grain Valley,2,William Chrisman,5
2021-09-08,Valley Park,1,Bayless,4
2021-09-08,Affton,3,Brentwood,2
2021-09-08,Grandview,3,Center,1
2021-09-08,Parkway Central,1,Chaminade College Prep,3
2021-09-08,Parkway North,1,Clayton,3
2021-09-08,St. Paul Lutheran (Concordia),1,Clinton,0
2021-09-08,Washington,4,DeSoto,0
2021-09-08,Blue Springs,1,Grain Valley,0
2021-09-08,University City,0,Hazelwood West,4
2021-09-08,Rock Bridge,5,Helias Catholic,2
2021-09-08,Northwest (Cedar Hill),2,Jackson,3
2021-09-08,Carthage,2,Joplin,3
2021-09-08,Lutheran (Kansas City),6,Lafayette (St. Joseph),1
2021-09-08,Parkway South,1,Lafayette (Wildwood),4
2021-09-08,St. Clair,0,Laquey,6
2021-09-08,St. Michael the Archangel,0,Lee's Summit West,8
2021-09-08,Park Hill South,1,Liberty,2
2021-09-08,John Burroughs,4,Lutheran South,0
2021-09-08,Hazelwood Central,2,Maplewood-Richmond Hts.,4
2021-09-08,Francis Howell North,2,North Point,1
2021-09-08,Belton,1,Raymore-Peculiar,0
2021-09-08,Green Ridge,0,Raytown,8
2021-09-08,Windsor (Imperial),1,Union,5
2021-09-08,Pembroke Hill,5,Van Horn,2
2021-09-08,Wright City,2,Warrenton,1
2021-09-08,Veritas Christian Academy,5,Winfield,1
2021-09-09,Webb City,6,Aurora,0
2021-09-09,Cardinal Ritter,0,Bishop DuBourg,8
2021-09-09,Rockhurst,1,Blue Springs South,0
2021-09-09,Capital City,7,Camdenton,0
2021-09-09,Logan-Rogersville,5,Cassville,0
2021-09-09,Platte County,2,Central (St. Joseph),0
2021-09-09,Bishop LeBlond,3,Chillicothe,1
2021-09-09,Raytown,3,Clinton,4
2021-09-09,Pacific,1,DeSoto,0
2021-09-09,Parkway West,0,Eureka,2
2021-09-09,Washington,2,Fox,1
2021-09-09,Troy Buchanan,0,Francis Howell Central,1
2021-09-09,Christian Brothers College,7,Francis Howell North,0
2021-09-09,Farmington,3,Fredericktown,0
2021-09-09,Ft. Zumwalt South,3,Ft. Zumwalt East,1
2021-09-09,St. Dominic,2,Ft. Zumwalt West,1
2021-09-09,Missouri Military Academy,2,Fulton,4
2021-09-09,St. Paul Lutheran (Concordia),8,Green Ridge,0
2021-09-09,Affton,9,Hancock,1
2021-09-09,Jefferson City,1,Harrisonville,0
2021-09-09,Pattonville,2,Hillsboro,0
2021-09-09,Fort Osage,4,Kearney,0
2021-09-09,Moberly,5,Kirksville,1
2021-09-09,Rockwood Summit,0,Kirkwood,2
2021-09-09,Iberia,1,Knob Noster,9
2021-09-09,Francis Howell,3,Lafayette (Wildwood),2
2021-09-09,St. Pius X (Kansas City),0,Lee's Summit,7
2021-09-09,Pembroke Hill,1,Lee's Summit West,0
2021-09-09,Northeast (Kansas City),0,Lincoln College Prep,8
2021-09-09,Holt,2,Lindbergh,2
2021-09-09,New Covenant Academy,2,Marshfield,0
2021-09-09,Pleasant Hill,1,Maryville,7
2021-09-09,Carl Junction,4,McDonald County,2
2021-09-09,Webb City,2,North County,1
2021-09-09,Smithville,1,North Kansas City,2
2021-09-09,Cameron,1,Oak Grove,9
2021-09-09,Liberty (Wentzville),2,Oakville,0
2021-09-09,Winnetonka,0,Odessa,6
2021-09-09,Bolivar,3,Osage,1
2021-09-09,Blue Springs,0,Park Hill,1
2021-09-09,Hillcrest,0,Parkview,8
2021-09-09,Parkway North,1,Parkway South,2
2021-09-09,St. Francis Borgia,3,Perryville,6
2021-09-09,Vianney,3,Priory,2
2021-09-09,Glendale,6,Rolla,1
2021-09-09,Grandview,6,Ruskin,1
2021-09-09,Excelsior Springs,5,Savannah,0
2021-09-09,Poplar Bluff,0,Seckman,1
2021-09-09,Marshall,0,Savannah,2
2021-09-09,Ozark,1,Springfield Catholic,0
2021-09-09,Ft. Zumwalt North,1,St. Charles,0
2021-09-09,Winfield,1,St. Charles West,3
2021-09-09,Festus,7,St. Clair,1
2021-09-09,St. Charles,1,Staley,4
2021-09-09,Metro,6,STEAM Academy,0
2021-09-09,Fair Grove,6,Willard,1
2021-09-09,Duchesne,0,Timberland,3
2021-09-09,MICDS,6,University City,0
2021-09-09,St. Michael the Archangel,0,Van Horn,3
2021-09-09,Belton,6,Warrensburg,3
2021-09-09,Orchard Farm,6,Warrenton,0
2021-09-09,Central (Springfield),1,Waynesville,2
2021-09-09,SLUH,3,Webster Groves,0
2021-09-09,Bayless,0,Whitfield,6
2021-09-10,Willard,7,Aurora,2
2021-09-10,Parkview,8,Aurora,2
2021-09-10,Liberty North,0,Branson,1
2021-09-10,Northwest (Cedar Hill),0,Carthage,2
2021-09-10,Marshfield,3,Cassville,0
2021-09-10,Kirkwood,0,Clayton,1
2021-09-10,Ritenour,2,Ft. Zumwalt North,3
2021-09-10,Neosho,0,Glendale,2
2021-09-10,Sikeston,2,Hannibal,1
2021-09-10,Maplewood-Richmond Hts.,0,Hickman,6
2021-09-10,Smithton,5,Iberia,0
2021-09-10,Central (Springfield),1,Joplin,3
2021-09-10,Van Horn,1,Lee's Summit West,1
2021-09-10,New Covenant Academy,1,Logan-Rogersville,5
2021-09-10,Barstow,5,Lutheran (Kansas City),1
2021-09-10,West Plains,2,Monett,0
2021-09-10,Sacred Heart,0,Ozark,6
2021-09-10,Webb City,2,Parkview,1
2021-09-10,Westminster Christian Academy,1,Parkway Central,0
2021-09-10,St. Michael the Archangel,0,Pembroke Hill,2
2021-09-10,Lutheran South,0,Principia,3
2021-09-10,Springfield Catholic,3,Republic,1
2021-09-10,Lutheran North,0,Southern Boone,5
2021-09-10,John Burroughs,2,St. Pius X (Festus),0
2021-09-10,Bayless,0,Valley Park,3
2021-09-10,Hazelwood West,1,Veritas Christian Academy,2
2021-09-11,Webb City,6,Aurora,0
2021-09-11,Parkview,8,Aurora,2
2021-09-11,Lee's Summit,0,Blue Springs South,0
2021-09-11,Sacred Heart,3,Branson,4
2021-09-11,Neosho,2,Carthage,1
2021-09-11,New Covenant Academy,5,Cassville,2
2021-09-11,Green Ridge,0,Clinton,7
2021-09-11,Summit Christian Academy,6,Cole Camp,0
2021-09-11,Notre Dame (Cape Girardeau),2,De Smet Jesuit,0
2021-09-11,Washington,0,Eureka,2
2021-09-11,Parkway West,4,Fox,0
2021-09-11,Oakville,2,Ft. Zumwalt West,0
2021-09-11,Northwest (Cedar Hill),1,Glendale,0
2021-09-11,Lutheran North,0,Hannibal,7
2021-09-11,Sikeston,0,Hickman,8
2021-09-11,Duchesne,3,Hillsboro,1
2021-09-11,Priory,0,Holt,1
2021-09-11,Monett,0,Joplin,4
2021-09-11,West Plains,2,Joplin,5
2021-09-11,Smithville,2,Kearney,1
2021-09-11,MICDS,1,Ladue Horton Watkins,4
2021-09-11,Vianney,1,Lindbergh,1
2021-09-11,Hannibal,9,Maplewood-Richmond Hts.,2
2021-09-11,Logan-Rogersville,3,Marshfield,2
2021-09-11,Excelsior Springs,6,Maryville,5
2021-09-11,Central (Springfield),2,Monett,0
2021-09-11,Fort Osage,2,North Kansas City,3
2021-09-11,Neosho,3,Northwest (Cedar Hill),1
2021-09-11,Branson,0,Ozark,3
2021-09-11,Liberty North,2,Ozark,3
2021-09-11,Willard,3,Parkview,2
2021-09-11,Timberland,5,Pattonville,1
2021-09-11,St. Paul Lutheran (Concordia),6,Raytown,1
2021-09-11,Marquette,0,Rock Bridge,1
2021-09-11,Guadalupe Centers Charter,0,Rockhurst,7
2021-09-11,Liberty North,5,Sacred Heart,0
2021-09-11,Sikeston,2,Southern Boone,1
2021-09-11,Liberty (Wentzville),0,St. Dominic,0
2021-09-11,Father Tolton,1,Webster Groves,0
2021-09-11,Pacific,0,Union,4
2021-09-11,Summit Christian Academy,3,Warrensburg,1
2021-09-11,Cole Camp,1,Warrensburg,7
2021-09-11,Willard,0,Webb City,6
2021-09-11,Central (Springfield),3,West Plains,1
2021-09-13,St. Michael the Archangel,4,Bishop LeBlond,3
2021-09-13,Helias Catholic,0,Capital City,2
2021-09-13,Kearney,2,Central (St. Joseph),1
2021-09-13,Hancock,0,DeSoto,8
2021-09-13,Central (Cape Girardeau),2,Eureka,1
2021-09-13,Parkway North,1,Francis Howell North,4
2021-09-13,Washington,1,Ft. Zumwalt South,5
2021-09-13,North Kansas City,1,Grain Valley,2
2021-09-13,Hazelwood East,0,Hazelwood Central,3
2021-09-13,Ft. Zumwalt North,2,Hazelwood West,0
2021-09-13,Greenwood,1,Kickapoo,2
2021-09-13,Willard,0,Knob Noster,2
2021-09-13,Park Hill South,0,Lee's Summit,3
2021-09-13,Blue Springs South,3,Lee's Summit North,1
2021-09-13,Blue Springs,1,Lee's Summit West,2
2021-09-13,Cardinal Ritter,0,McCluer,6
2021-09-13,Lutheran North,6,McCluer North,1
2021-09-13,Pattonville,0,MICDS,1
2021-09-13,Mexico,0,Moberly,8
2021-09-13,Pleasant Hill,5,Northeast (Kansas City),0
2021-09-13,Guadalupe Centers Charter,8,Oak Grove,0
2021-09-13,Raytown South,0,Odessa,3
2021-09-13,St. Clair,0,Pacific,8
2021-09-13,Liberty,2,Park Hill,1
2021-09-13,Liberty North,2,Raymore-Peculiar,1
2021-09-13,Staley,8,Raytown,0
2021-09-13,Webster Groves,0,St. Dominic,1
2021-09-13,Fredericktown,1,St. Paul Lutheran (Farmington),2
2021-09-13,STEAM Academy,0,University City,8
2021-09-14,Pacific,0,Affton,3
2021-09-14,Odessa,1,Belton,5
2021-09-14,Savannah,1,Benton,2
2021-09-14,Duchesne,0,Bishop DuBourg,1
2021-09-14,West Plains,2,Bolivar,5
2021-09-14,Joplin,0,Branson,3
2021-09-14,Calvary Lutheran,1,Capital City,9
2021-09-14,Webb City,7,Carl Junction,0
2021-09-14,Willard,0,Carthage,5
2021-09-14,Sikeston,1,Central (Cape Girardeau),2
2021-09-14,Rolla,2,Central (Springfield),1
2021-09-14,De Smet Jesuit,0,Christian Brothers College,2
2021-09-14,Hillsboro,1,DeSoto,2
2021-09-14,Lafayette (St. Joseph),0,East (Kansas City),12
2021-09-14,Warrensburg,3,Excelsior Springs,5
2021-09-14,Cassville,2,Fair Grove,7
2021-09-14,North County,1,Farmington,9
2021-09-14,Grandview,3,Fort Osage,5
2021-09-14,Parkway North,3,Fox,2
2021-09-14,Francis Howell Central,2,Francis Howell,6
2021-09-14,Ft. Zumwalt East,5,Ft. Zumwalt North,0
2021-09-14,Francis Howell North,0,Ft. Zumwalt South,1
2021-09-14,Parkview,1,Glendale,7
2021-09-14,Crossroads College Preparatory,4,Hancock,5
2021-09-14,Moberly,0,Hannibal,2
2021-09-14,St. Pius X (Kansas City),0,Harrisonville,2
2021-09-14,Lebanon,2,Hillcrest,1
2021-09-14,Ft. Zumwalt West,3,Holt,2
2021-09-14,Southern Boone,1,Jefferson City,2
2021-09-14,Parkway West,0,Kirkwood,2
2021-09-14,Smithton,2,Knob Noster,1
2021-09-14,Marquette,3,Lafayette (Wildwood),0
2021-09-14,New Covenant Academy,2,Laquey,0
2021-09-14,Pembroke Hill,2,Lincoln College Prep,1
2021-09-14,Springfield Catholic,3,Logan-Rogersville,0
2021-09-14,Whitfield,3,Lutheran South,0
2021-09-14,Valley Park,1,Maplewood-Richmond Hts.,2
2021-09-14,Fulton,1,Marshall,2
2021-09-14,Monett,5,McDonald County,1
2021-09-14,Kirksville,4,Mexico,3
2021-09-14,Republic,1,Neosho,0
2021-09-14,William Chrisman,6,Oak Grove,1
2021-09-14,North Point,0,Orchard Farm,2
2021-09-14,Nixa,2,Ozark,3
2021-09-14,Oakville,1,Parkway South,2
2021-09-14,Festus,0,Perryville,8
2021-09-14,Smithville,5,Pleasant Hill,0
2021-09-14,Vianney,0,SLUH,2
2021-09-14,Lutheran (Kansas City),1,St. Paul Lutheran (Concordia),6
2021-09-14,Windsor (Imperial),0,St. Pius X (Festus),3
2021-09-14,Fatima,1,Webb City,2
2021-09-14,Timberland,0,Troy Buchanan,1
2021-09-14,Lutheran St. Charles,5,Veritas Christian Academy,0
2021-09-14,Liberty (Wentzville),8,Washington,0
2021-09-14,Ruskin,3,Winnetonka,6
2021-09-15,Raytown South,2,Belton,4
2021-09-15,Lee's Summit West,2,Blue Springs South,1
2021-09-15,STEAM Academy,4,Cardinal Ritter,0
2021-09-15,De Smet Jesuit,0,Christian Brothers College,2
2021-09-15,St. Pius X (Festus),4,Festus,0
2021-09-15,Holt,3,Francis Howell Central,2
2021-09-15,Lutheran North,2,Hazelwood Central,1
2021-09-15,Savannah,3,Hickman,4
2021-09-15,Park Hill,2,Liberty North,1
2021-09-15,University City,3,McCluer,1
2021-09-15,Hazelwood East,4,McCluer North,0
2021-09-15,Fredericktown,1,North County,4
2021-09-15,Maplewood-Richmond Hts.,0,North Point,5
2021-09-15,Smithville,7,Northeast (Kansas City),0
2021-09-15,Grain Valley,6,Oak Park,1
2021-09-15,Staley,1,Park Hill South,2
2021-09-15,Fair Grove,1,Parkview,5
2021-09-15,Metro,3,Ritenour,8
2021-09-15,St. Clair,0,Rolla,7
2021-09-15,Cameron,0,Savannah,8
2021-09-15,Duchesne,0,St. Dominic,5
2021-09-15,Lone Jack,1,Van Horn,7
2021-09-15,Parkway South,1,Westminster Christian Academy,5
2021-09-15,Bolivar,6,Willard,1
2021-09-15,Guadalupe Centers Charter,1,William Chrisman,0
2021-09-15,Warrenton,1,Winfield,3
2021-09-15,St. Charles West,4,Wright City,3
2021-09-16,Neosho,8,Aurora,0
2021-09-16,Guadalupe Centers Charter,3,Belton,2
2021-09-16,Raymore-Peculiar,0,Blue Springs,2
2021-09-16,Park Hill,0,Blue Springs South,2
2021-09-16,Marshall,8,Boonville,0
2021-09-16,Excelsior Springs,8,Cameron,0
2021-09-16,Hannibal,1,Canton,0
2021-09-16,Hillcrest,0,Carl Junction,3
2021-09-16,Marshfield,1,Cassville,0
2021-09-16,Poplar Bluff,0,Central (Cape Girardeau),3
2021-09-16,SLUH,3,Christian Brothers College,2
2021-09-16,Vianney,2,De Smet Jesuit,2
2021-09-16,Webster Groves,0,Eureka,1
2021-09-16,Notre Dame (Cape Girardeau),8,Farmington,1
2021-09-16,Pattonville,5,Fox,2
2021-09-16,Rock Bridge,0,Francis Howell,0
2021-09-16,Francis Howell North,2,Ft. Zumwalt East,3
2021-09-16,Washington,1,Ft. Zumwalt North,2
2021-09-16,Willard,6,Green Ridge,1
2021-09-16,STEAM Academy,8,Hazelwood Central,3
2021-09-16,Perryville,8,Hillsboro,0
2021-09-16,Rolla,2,Jefferson City,1
2021-09-16,Platte County,1,Kearney,0
2021-09-16,Harrisonville,6,Knob Noster,0
2021-09-16,Lincoln College Prep,8,Lafayette (St. Joseph),0
2021-09-16,Lindbergh,0,Lafayette (Wildwood),1
2021-09-16,Lee's Summit North,0,Lee's Summit,3
2021-09-16,Ft. Zumwalt South,1,Liberty (Wentzville),0
2021-09-16,Webb City,2,Logan-Rogersville,1
2021-09-16,Bishop DuBourg,1,Lutheran St. Charles,4
2021-09-16,Kirkwood,1,Mehlville,4
2021-09-16,Joplin,8,Monett,0
2021-09-16,Glendale,3,Nixa,2
2021-09-16,St. Pius X (Kansas City),0,North Kansas City,6
2021-09-16,Raytown South,5,Northeast (Kansas City),0
2021-09-16,Central (St. Joseph),0,Oak Park,1
2021-09-16,Wright City,0,Orchard Farm,8
2021-09-16,Camdenton,2,Osage,0
2021-09-16,Kickapoo,4,Ozark,2
2021-09-16,Republic,3,Parkview,1
2021-09-16,Cole Camp,6,Richland,0
2021-09-16,Northwest (Cedar Hill),3,Ritenour,1
2021-09-16,St. Dominic,2,Rockwood Summit,1
2021-09-16,Fort Osage,8,Ruskin,0
2021-09-16,St. Paul Lutheran (Concordia),3,Sacred Heart,1
2021-09-16,Jackson,5,Seckman,0
2021-09-16,St. Charles,4,St. Charles West,1
2021-09-16,St. Francis Borgia,0,Webster Groves,2
2021-09-16,Ft. Zumwalt West,1,Timberland,0
2021-09-16,Webb City,1,Union,5
2021-09-16,DeSoto,5,Valley Park,0
2021-09-16,Smithville,3,Van Horn,2
2021-09-16,Willard,3,Waynesville,2
2021-09-16,Branson,8,West Plains,1
2021-09-16,Cameron,2,Winnetonka,8
2021-09-17,Hancock,0,Bayless,6
2021-09-17,Father Tolton,4,Boonville,0
2021-09-17,Smithton,4,Capital City,0
2021-09-17,Mexico,5,Chillicothe,6
2021-09-17,Green Ridge,2,Crocker,6
2021-09-17,Barstow,2,Crossroads College Preparatory,0
2021-09-17,St. Dominic,2,Francis Howell,0
2021-09-17,Fatima,2,Fulton,6
2021-09-17,McCluer,4,Hazelwood Central,6
2021-09-17,STEAM Academy,0,Hazelwood East,0
2021-09-17,Springfield Catholic,3,Helias Catholic,0
2021-09-17,Pembroke Hill,2,John Burroughs,0
2021-09-17,Moberly,8,Kirksville,1
2021-09-17,Ladue Horton Watkins,2,Marquette,3
2021-09-17,Cardinal Ritter,2,McCluer North,1
2021-09-17,Canton,1,Missouri Military Academy,6
2021-09-17,St. Michael the Archangel,4,New Covenant Academy,0
2021-09-17,Oakville,3,Parkway Central,0
2021-09-17,Affton,6,Ritenour,4
2021-09-17,Rock Bridge,1,Rockwood Summit,3
2021-09-17,Marshall,3,Southern Boone,2
2021-09-17,Lutheran North,0,University City,3
2021-09-17,Fox,3,Windsor (Imperial),2
2021-09-18,Helias Catholic,0,Bishop DuBourg,1
2021-09-18,Warrensburg,4,Boonville,2
2021-09-18,Ladue Horton Watkins,0,Chaminade College Prep,4
2021-09-18,Moberly,1,Chillicothe,4
2021-09-18,Kirksville,1,Chillicothe,2
2021-09-18,Vianney,1,Christian Brothers College,2
2021-09-18,SLUH,3,De Smet Jesuit,2
2021-09-18,Father Tolton,5,Fatima,2
2021-09-18,Branson,1,Kickapoo,4
2021-09-18,Mexico,7,Kirksville,6
2021-09-18,Lafayette (Wildwood),3,Liberty (Wentzville),2
2021-09-18,Moberly,7,Mexico,3
2021-09-18,Pembroke Hill,1,MICDS,0
2021-09-18,Lone Jack,0,Oak Grove,4
2021-09-18,Pleasant Hill,0,Odessa,5
2021-09-18,Northwest (Cedar Hill),0,Parkway West,1
2021-09-18,St. Dominic,3,Rock Bridge,1
2021-09-18,Francis Howell,4,Rockwood Summit,1
2021-09-18,Lindbergh,2,SLUH,3
2021-09-18,Guadalupe Centers Charter,0,Smithville,1
2021-09-18,Fulton,1,Southern Boone,2
2021-09-18,St. Michael the Archangel,1,Springfield Catholic,0
2021-09-18,Ft. Zumwalt East,3,Troy Buchanan,2
2021-09-18,Priory,1,Webster Groves,2
2021-09-18,Clayton,3,Westminster Christian Academy,4
2021-09-20,Troy Buchanan,1,Affton,2
2021-09-20,Joplin,2,Cassville,0
2021-09-20,MICDS,2,Clayton,1
2021-09-20,Iberia,1,Cole Camp,3
2021-09-20,Hazelwood West,1,Duchesne,2
2021-09-20,Knob Noster,0,Excelsior Springs,1
2021-09-20,Missouri Military Academy,5,Fatima,4
2021-09-20,Washington,0,Fox,3
2021-09-20,Ft. Zumwalt West,1,Francis Howell Central,2
2021-09-20,Ft. Zumwalt South,4,Francis Howell North,1
2021-09-20,Hillsboro,8,Fredericktown,0
2021-09-20,Belton,2,Grandview,0
2021-09-20,Staley,1,Harrisonville,0
2021-09-20,University City,4,Hazelwood Central,1
2021-09-20,Camdenton,0,Helias Catholic,5
2021-09-20,Fair Grove,8,Hillcrest,0
2021-09-20,Parkway Central,0,Kirkwood,2
2021-09-20,Lee's Summit North,0,Lee's Summit West,2
2021-09-20,Liberty,2,Liberty North,1
2021-09-20,Aurora,0,Logan-Rogersville,8
2021-09-20,Monett,3,Marshfield,1
2021-09-20,Hazelwood East,1,McCluer,2
2021-09-20,Greenwood,3,McDonald County,1
2021-09-20,Smithville,1,Park Hill,2
2021-09-20,McCluer North,0,Parkway North,8
2021-09-20,Platte County,1,Raytown South,0
2021-09-20,Maryville,6,Savannah,2
2021-09-20,Veritas Christian Academy,0,St. Charles,5
2021-09-20,North Point,2,St. Charles,1
2021-09-20,Timberland,4,St. Francis Borgia,2
2021-09-20,Crossroads College Preparatory,2,STEAM Academy,1
2021-09-20,Orchard Farm,7,Valley Park,0
2021-09-20,North Point,3,Veritas Christian Academy,0
2021-09-20,Pattonville,0,Westminster Christian Academy,3
2021-09-20,Savannah,1,William Chrisman,1
2021-09-21,Crossroads College Preparatory,0,Bayless,6
2021-09-21,Chillicothe,5,Benton,2
2021-09-21,Liberty North,0,Blue Springs,1
2021-09-21,Fatima,1,Camdenton,0
2021-09-21,Ozark,4,Carl Junction,0
2021-09-21,Oak Grove,4,Center,3
2021-09-21,Bolivar,1,Central (Springfield),0
2021-09-21,Webster Groves,0,Chaminade College Prep,1
2021-09-21,Ft. Zumwalt West,0,Christian Brothers College,1
2021-09-21,Pleasant Hill,1,Clinton,3
2021-09-21,St. Charles,1,Excelsior Springs,2
2021-09-21,Greenwood,1,Fair Grove,6
2021-09-21,Webster Groves,0,Farmington,1
2021-09-21,Hillsboro,0,Fox,0
2021-09-21,Washington,8,Fredericktown,2
2021-09-21,Liberty (Wentzville),2,Ft. Zumwalt East,1
2021-09-21,Ft. Zumwalt South,5,Ft. Zumwalt North,0
2021-09-21,Kirksville,0,Fulton,3
2021-09-21,Belton,3,Grain Valley,1
2021-09-21,Kearney,2,Grandview,0
2021-09-21,Francis Howell,4,Holt,2
2021-09-21,Osage,0,Jefferson City,2
2021-09-21,Willard,2,Joplin,4
2021-09-21,Ladue Horton Watkins,2,Lafayette (Wildwood),0
2021-09-21,Lone Jack,2,Lutheran (Kansas City),4
2021-09-21,Hazelwood Central,2,Lutheran North,4
2021-09-21,Brentwood,6,Maplewood-Richmond Hts.,1
2021-09-21,Hazelwood West,0,Marquette,8
2021-09-21,Logan-Rogersville,3,Marshfield,1
2021-09-21,STEAM Academy,6,McCluer North,1
2021-09-21,Springfield Catholic,9,McDonald County,1
2021-09-21,Hannibal,9,Mexico,1
2021-09-21,Branson,1,Nixa,3
2021-09-21,Lincoln College Prep,4,Northeast (Kansas City),0
2021-09-21,Ruskin,0,Oak Park,2
2021-09-21,Lindbergh,0,Oakville,1
2021-09-21,Lutheran South,1,Pacific,0
2021-09-21,Lebanon,0,Parkview,5
2021-09-21,Francis Howell North,3,Pattonville,2
2021-09-21,Guadalupe Centers Charter,0,Platte County,3
2021-09-21,DeSoto,2,Poplar Bluff,5
2021-09-21,MICDS,3,Principia,1
2021-09-21,Carthage,0,Republic,1
2021-09-21,Hickman,1,Rock Bridge,0
2021-09-21,Vianney,0,Rockwood Summit,2
2021-09-21,Kickapoo,4,Rolla,0
2021-09-21,Green Ridge,0,Sacred Heart,8
2021-09-21,Bishop LeBlond,2,Savannah,0
2021-09-21,Perryville,6,Seckman,1
2021-09-21,Cole Camp,0,Smithton,5
2021-09-21,Duchesne,2,St. Charles,1
2021-09-21,Veritas Christian Academy,0,St. Charles,5
2021-09-21,Troy Buchanan,5,St. Charles West,0
2021-09-21,Windsor (Imperial),8,St. Clair,0
2021-09-21,St. Dominic,8,St. Francis Borgia,0
2021-09-21,Knob Noster,0,St. Paul Lutheran (Concordia),3
2021-09-21,North County,0,St. Pius X (Festus),8
2021-09-21,Laquey,1,Webb City,2
2021-09-21,Barstow,2,Summit Christian Academy,1
2021-09-21,Francis Howell Central,1,Timberland,2
2021-09-21,Hancock,0,Valley Park,6
2021-09-21,East (Kansas City),3,Van Horn,5
2021-09-21,North Point,3,Veritas Christian Academy,0
2021-09-21,Odessa,2,Warrensburg,0
2021-09-21,Hillcrest,0,Waynesville,5
2021-09-21,Neosho,6,Webb City,1
2021-09-21,Glendale,7,West Plains,0
2021-09-21,Raytown South,2,Winnetonka,0
2021-09-22,St. Charles West,0,Affton,4
2021-09-22,Marshfield,7,Aurora,3
2021-09-22,Lafayette (St. Joseph),0,Benton,1
2021-09-22,Park Hill South,2,Central (St. Joseph),0
2021-09-22,Northwest (Cedar Hill),0,Clayton,2
2021-09-22,Cardinal Ritter,0,Duchesne,8
2021-09-22,Winfield,3,Festus,1
2021-09-22,Oak Park,0,Fort Osage,1
2021-09-22,Ozark,1,Glendale,2
2021-09-22,Park Hill,3,Harrisonville,1
2021-09-22,Parkway West,0,Hickman,0
2021-09-22,Crocker,4,Iberia,2
2021-09-22,Parkway South,2,Lafayette (Wildwood),1
2021-09-22,Raymore-Peculiar,2,Lee's Summit North,1
2021-09-22,Lee's Summit West,1,Liberty,0
2021-09-22,Kirkwood,1,Mehlville,4
2021-09-22,Union,4,North County,2
2021-09-22,Lee's Summit,8,North Kansas City,0
2021-09-22,Perryville,4,Pacific,0
2021-09-22,Jackson,7,Parkway Central,0
2021-09-22,Christian Brothers College,3,Priory,0
2021-09-22,Lutheran South,1,Seckman,2
2021-09-22,Lindbergh,2,SLUH,3
2021-09-22,St. Michael the Archangel,3,Savannah,1
2021-09-22,Rock Bridge,0,Smithton,5
2021-09-22,Staley,1,Smithville,0
2021-09-22,North Point,2,St. Charles,1
2021-09-22,John Burroughs,3,Westminster Christian Academy,1
2021-09-22,Grandview,0,William Chrisman,4
2021-09-22,St. Clair,1,Wright City,6
2021-09-23,North Point,2,Affton,1
2021-09-23,Warrensburg,3,Camdenton,2
2021-09-23,Winfield,2,Canton,0
2021-09-23,McDonald County,0,Carthage,5
2021-09-23,Carl Junction,2,Cassville,0
2021-09-23,Knob Noster,1,Center,3
2021-09-23,Republic,0,Central (Springfield),1
2021-09-23,Ft. Zumwalt South,0,Christian Brothers College,1
2021-09-23,Bolivar,4,Clinton,0
2021-09-23,Dixon,3,Cole Camp,1
2021-09-23,Chaminade College Prep,2,De Smet Jesuit,3
2021-09-23,Benton,0,Excelsior Springs,5
2021-09-23,Richland,1,Fair Grove,11
2021-09-23,Missouri Military Academy,1,Father Tolton,4
2021-09-23,Boonville,2,Fatima,3
2021-09-23,Fredericktown,0,Fox,5
2021-09-23,Francis Howell,3,Francis Howell North,2
2021-09-23,Holt,3,Ft. Zumwalt East,2
2021-09-23,Fulton,0,Hannibal,1
2021-09-23,Smithville,2,Harrisonville,0
2021-09-23,McCluer North,2,Hazelwood Central,3
2021-09-23,STEAM Academy,8,Hazelwood East,1
2021-09-23,Pattonville,4,Hazelwood West,1
2021-09-23,Parkway Central,1,Hickman,2
2021-09-23,Washington,0,Hillsboro,2
2021-09-23,Winnetonka,0,Kearney,8
2021-09-23,Marshall,4,Kirksville,1
2021-09-23,Lebanon,1,Laquey,0
2021-09-23,Ft. Zumwalt North,1,Liberty (Wentzville),2
2021-09-23,Blue Springs South,1,Liberty North,0
2021-09-23,Kirkwood,2,Lindbergh,1
2021-09-23,Orchard Farm,2,Lutheran St. Charles,1
2021-09-23,Webster Groves,2,Marquette,1
2021-09-23,Maplewood-Richmond Hts.,8,McCluer,0
2021-09-23,Gateway Science Charter,3,McKinley Classical Leadership,0
2021-09-23,Timberland,0,MICDS,1
2021-09-23,Waynesville,1,Nixa,3
2021-09-23,Mehlville,1,Northwest (Cedar Hill),0
2021-09-23,Parkview,1,Ozark,4
2021-09-23,Staley,0,Park Hill,0
2021-09-23,Blue Springs,2,Pembroke Hill,1
2021-09-23,Lutheran South,0,Perryville,8
2021-09-23,St. Paul Lutheran (Concordia),4,Pleasant Hill,1
2021-09-23,Sikeston,1,Poplar Bluff,2
2021-09-23,Bishop DuBourg,1,Principia,8
2021-09-23,Grain Valley,6,Raytown South,2
2021-09-23,Eureka,0,Rockwood Summit,1
2021-09-23,Platte County,6,Ruskin,0
2021-09-23,Chillicothe,5,Savannah,1
2021-09-23,Pacific,0,Seckman,4
2021-09-23,Monett,0,Springfield Catholic,7
2021-09-23,Troy Buchanan,4,St. Charles,3
2021-09-23,Veritas Christian Academy,5,St. Charles West,4
2021-09-23,St. Francis Borgia,8,St. Clair,0
2021-09-23,Vianney,2,Webster Groves,0
2021-09-23,Webb City,3,St. Paul Lutheran (Farmington),1
2021-09-23,Bishop LeBlond,5,St. Pius X (Kansas City),3
2021-09-23,St. Michael the Archangel,2,Summit Christian Academy,3
2021-09-23,Van Horn,3,St. Charles,0
2021-09-23,Ritenour,6,University City,0
2021-09-23,Marshfield,1,West Plains,2
2021-09-23,Logan-Rogersville,7,Willard,0
2021-09-23,Central (St. Joseph),1,William Chrisman,8
2021-09-23,Brentwood,1,Windsor (Imperial),2
2021-09-24,Northeast (Kansas City),2,Barstow,5
2021-09-24,Maplewood-Richmond Hts.,1,Bayless,4
2021-09-24,Oakville,2,Carthage,0
2021-09-24,Orchard Farm,0,Duchesne,1
2021-09-24,Brentwood,7,Hancock,1
2021-09-24,Richland,2,Iberia,4
2021-09-24,Joplin,2,Jefferson City,1
2021-09-24,Parkway North,0,Lafayette (Wildwood),4
2021-09-24,Crocker,0,Laquey,7
2021-09-24,Eureka,1,Lee's Summit North,0
2021-09-24,Lebanon,1,New Covenant Academy,3
2021-09-24,Oak Park,0,North Kansas City,8
2021-09-24,Ft. Zumwalt North,2,North Point,0
2021-09-24,Smithville,1,Park Hill,2
2021-09-24,Jackson,4,Parkway South,5
2021-09-24,Capital City,4,Poplar Bluff,0
2021-09-24,Rolla,2,Poplar Bluff,0
2021-09-24,Capital City,4,Rolla,1
2021-09-24,Willard,0,Sacred Heart,7
2021-09-24,Helias Catholic,3,Savannah,5
2021-09-24,St. Paul Lutheran (Farmington),0,St. Pius X (Festus),8
2021-09-24,Crossroads College Preparatory,1,Valley Park,6
2021-09-24,Westminster Christian Academy,3,Whitfield,2
2021-09-25,Clinton,5,Camdenton,4
2021-09-25,Helias Catholic,1,Carthage,9
2021-09-25,Savannah,2,Carthage,4
2021-09-25,Odessa,5,Cassville,1
2021-09-25,Vianney,0,Chaminade College Prep,1
2021-09-25,Priory,5,Farmington,1
2021-09-25,St. Paul Lutheran (Concordia),1,Father Tolton,0
2021-09-25,Canton,2,Festus,2
2021-09-25,Seckman,2,Fox,1
2021-09-25,Pacific,4,Fredericktown,1
2021-09-25,Marshall,1,Hannibal,0
2021-09-25,Parkway North,0,Hickman,7
2021-09-25,Perryville,5,Hillsboro,0
2021-09-25,Lutheran St. Charles,3,Jefferson City,0
2021-09-25,Lutheran St. Charles,2,Joplin,1
2021-09-25,Ft. Zumwalt West,0,Ladue Horton Watkins,2
2021-09-25,Parkway Central,0,Lafayette (Wildwood),3
2021-09-25,Eureka,1,Lee's Summit,5
2021-09-25,Lee's Summit North,0,Lee's Summit West,2
2021-09-25,John Burroughs,2,MICDS,1
2021-09-25,Savannah,0,Oakville,8
2021-09-25,Helias Catholic,0,Oakville,4
2021-09-25,Greenwood,2,Odessa,1
2021-09-25,Jackson,1,Parkway West,1
2021-09-25,Barstow,0,Pembroke Hill,8
2021-09-25,Bolivar,4,Warrensburg,0
2021-09-25,Fulton,4,Warrenton,3
2021-09-25,Lutheran South,2,Washington,1
2021-09-27,Brentwood,0,Bayless,1
2021-09-27,Missouri Military Academy,0,Capital City,5
2021-09-27,St. Pius X (Kansas City),2,Center,1
2021-09-27,Lee's Summit,8,Central (St. Joseph),0
2021-09-27,Knob Noster,1,Chillicothe,4
2021-09-27,Liberty (Wentzville),2,Clayton,0
2021-09-27,Fair Grove,8,Dixon,3
2021-09-27,Veritas Christian Academy,0,Duchesne,3
2021-09-27,Mexico,4,Fatima,7
2021-09-27,Ladue Horton Watkins,8,Francis Howell Central,0
2021-09-27,Valley Park,8,Hazelwood East,0
2021-09-27,Father Tolton,0,Hickman,4
2021-09-27,Ft. Zumwalt West,3,Holt,2
2021-09-27,Camdenton,3,Laquey,3
2021-09-27,Greenwood,0,Lebanon,8
2021-09-27,Blue Springs,0,Liberty,1
2021-09-27,Crossroads College Preparatory,3,Maplewood-Richmond Hts.,2
2021-09-27,Lafayette (St. Joseph),0,Maryville,8
2021-09-27,Ritenour,12,McCluer North,0
2021-09-27,McKinley Classical Leadership,0,Metro,2
2021-09-27,Seckman,5,North County,0
2021-09-27,Staley,5,North Kansas City,2
2021-09-27,Park Hill South,8,Oak Park,0
2021-09-27,Fort Osage,3,Odessa,2
2021-09-27,Lee's Summit North,2,Park Hill,1
2021-09-27,Ft. Zumwalt East,5,Parkway North,1
2021-09-27,Lee's Summit West,2,Raymore-Peculiar,1
2021-09-27,Grandview,3,Raytown South,2
2021-09-27,New Covenant Academy,9,Richland,1
2021-09-27,Smithville,7,Ruskin,0
2021-09-27,Jackson,10,Sikeston,2
2021-09-27,Warrenton,1,St. Charles,5
2021-09-27,Hazelwood West,3,St. Charles West,1
2021-09-27,St. Dominic,5,Webster Groves,2
2021-09-27,Willard,0,St. Paul Lutheran (Concordia),6
2021-09-27,Lone Jack,1,St. Charles,9
2021-09-28,Van Horn,4,Barstow,0
2021-09-28,Willard,1,Branson,7
2021-09-28,Crossroads College Preparatory,0,Brentwood,8
2021-09-28,Marshall,0,Capital City,3
2021-09-28,Nixa,6,Carl Junction,0
2021-09-28,Neosho,1,Carthage,4
2021-09-28,Logan-Rogersville,7,Cassville,0
2021-09-28,North County,0,Central (Cape Girardeau),8
2021-09-28,West Plains,1,Central (Springfield),2
2021-09-28,Kirkwood,2,Christian Brothers College,3
2021-09-28,Francis Howell Central,0,Clayton,0
2021-09-28,Lindbergh,0,De Smet Jesuit,2
2021-09-28,Perryville,6,DeSoto,1
2021-09-28,Osage,2,Fatima,0
2021-09-28,Ft. Zumwalt North,0,Francis Howell North,2
2021-09-28,Orchard Farm,0,Ft. Zumwalt East,1
2021-09-28,Chaminade College Prep,0,Ft. Zumwalt South,1
2021-09-28,St. Francis Borgia,0,Ft. Zumwalt West,5
2021-09-28,Waynesville,1,Glendale,9
2021-09-28,Platte County,7,Grandview,0
2021-09-28,Marshfield,1,Greenwood,0
2021-09-28,Clinton,0,Harrisonville,2
2021-09-28,Rolla,6,Hillcrest,0
2021-09-28,Willard,6,Iberia,0
2021-09-28,Savannah,2,Jefferson City,1
2021-09-28,Staley,3,Kearney,1
2021-09-28,Parkview,1,Kickapoo,4
2021-09-28,Chillicothe,2,Kirksville,0
2021-09-28,Liberty (Wentzville),0,Ladue Horton Watkins,0
2021-09-28,Rockwood Summit,2,Lafayette (Wildwood),1
2021-09-28,Dixon,3,Lebanon,4
2021-09-28,Summit Christian Academy,5,Lone Jack,3
2021-09-28,Sacred Heart,1,Lutheran (Kansas City),4
2021-09-28,Farmington,1,Lutheran St. Charles,3
2021-09-28,Hancock,1,Maplewood-Richmond Hts.,8
2021-09-28,Hazelwood Central,5,McCluer,3
2021-09-28,Southern Boone,7,Mexico,3
2021-09-28,Lutheran South,0,MICDS,3
2021-09-28,Fulton,7,Moberly,3
2021-09-28,Raytown,3,Northeast (Kansas City),0
2021-09-28,Bayless,0,Northwest (Cedar Hill),6
2021-09-28,St. Pius X (Festus),0,Notre Dame (Cape Girardeau),4
2021-09-28,Excelsior Springs,2,Oak Grove,1
2021-09-28,Fox,0,Oakville,6
2021-09-28,Center,0,Odessa,4
2021-09-28,Webb City,2,Ozark,5
2021-09-28,Hillsboro,3,Pacific,4
2021-09-28,Parkway Central,1,Parkway West,0
2021-09-28,Warrensburg,1,Pleasant Hill,4
2021-09-28,Westminster Christian Academy,6,Principia,2
2021-09-28,Lutheran North,1,Priory,3
2021-09-28,Joplin,1,Republic,3
2021-09-28,Lincoln College Prep,0,Rockhurst,8
2021-09-28,Affton,1,Seckman,2
2021-09-28,Francis Howell,2,Timberland,0
2021-09-28,Holt,6,Troy Buchanan,2
2021-09-28,Fort Osage,1,St. Charles,2
2021-09-28,St. Clair,0,Union,8
2021-09-28,St. Charles West,2,Warrenton,1
2021-09-28,Duchesne,0,Whitfield,2
2021-09-28,Festus,1,Windsor (Imperial),2
2021-09-28,St. Charles,4,Winfield,2
2021-09-28,Smithville,4,Winnetonka,0
2021-09-28,Webb City,0,Wright City,3
2021-09-29,East (Kansas City),4,Belton,0
2021-09-29,Platte County,8,Benton,0
2021-09-29,Blue Springs South,0,Blue Springs,1
2021-09-29,Camdenton,2,Bolivar,6
2021-09-29,St. Pius X (Kansas City),8,Cameron,0
2021-09-29,McKinley Classical Leadership,6,Cardinal Ritter,0
2021-09-29,University City,1,Festus,4
2021-09-29,Windsor (Imperial),4,Hancock,0
2021-09-29,Parkway North,9,Hazelwood East,1
2021-09-29,Oak Park,0,Lee's Summit,8
2021-09-29,Liberty North,1,Lee's Summit North,3
2021-09-29,Park Hill,0,Lee's Summit West,1
2021-09-29,Lafayette (Wildwood),1,MICDS,2
2021-09-29,Ft. Zumwalt North,2,North Point,0
2021-09-29,Rolla,4,Pacific,1
2021-09-29,North Kansas City,1,Park Hill South,6
2021-09-29,Hazelwood Central,0,Pattonville,9
2021-09-29,Liberty,4,Raymore-Peculiar,2
2021-09-29,Raytown South,5,Ruskin,1
2021-09-29,Valley Park,3,St. Clair,1
2021-09-29,Westminster Christian Academy,2,St. Dominic,1
2021-09-29,Central (St. Joseph),1,Staley,2
2021-09-29,William Chrisman,2,Van Horn,1
2021-09-30,Osage,4,Boonville,0
2021-09-30,Mehlville,0,Chaminade College Prep,1
2021-09-30,St. Paul Lutheran (Concordia),0,Chillicothe,3
2021-09-30,Ladue Horton Watkins,1,Clayton,0
2021-09-30,Green Ridge,2,Cole Camp,1
2021-09-30,Iberia,2,Crocker,6
2021-09-30,Bishop DuBourg,2,Duchesne,1
2021-09-30,Marquette,2,Eureka,1
2021-09-30,St. Francis Borgia,0,Father Tolton,2
2021-09-30,William Chrisman,3,Fort Osage,0
2021-09-30,Lutheran South,0,Fox,3
2021-09-30,Liberty (Wentzville),4,Francis Howell Central,0
2021-09-30,Troy Buchanan,1,Ft. Zumwalt West,2
2021-09-30,Springfield Catholic,0,Glendale,1
2021-09-30,Timberland,3,Holt,0
2021-09-30,Lee's Summit West,1,Jackson,2
2021-09-30,Parkway Central,0,John Burroughs,0
2021-09-30,Capital City,0,Kickapoo,1
2021-09-30,Pleasant Hill,3,Knob Noster,2
2021-09-30,New Covenant Academy,1,Logan-Rogersville,5
2021-09-30,Bishop LeBlond,2,Maryville,4
2021-09-30,STEAM Academy,2,McCluer,1
2021-09-30,Gateway Science Charter,8,McCluer North,0
2021-09-30,Marshall,5,Moberly,3
2021-09-30,Republic,2,Monett,0
2021-09-30,McDonald County,0,Neosho,3
2021-09-30,Center,2,Northeast (Kansas City),1
2021-09-30,Odessa,2,Oak Grove,1
2021-09-30,Warrenton,0,Orchard Farm,8
2021-09-30,Central (Springfield),1,Ozark,2
2021-09-30,Union,1,Pacific,2
2021-09-30,Branson,8,Parkview,0
2021-09-30,Hazelwood West,2,Parkway North,4
2021-09-30,Ft. Zumwalt East,2,Parkway West,1
2021-09-30,Winnetonka,0,Platte County,4
2021-09-30,Bayless,0,Priory,5
2021-09-30,St. Charles,6,Raytown,2
2021-09-30,Dixon,9,Richland,1
2021-09-30,Seckman,1,Ritenour,3
2021-09-30,Calvary Lutheran,0,Sacred Heart,8
2021-09-30,St. Pius X (Kansas City),3,Savannah,0
2021-09-30,Webster Groves,0,SLUH,7
2021-09-30,Nixa,2,Savannah,1
2021-09-30,Excelsior Springs,1,Smithville,2
2021-09-30,North Point,0,St. Charles,4
2021-09-30,DeSoto,8,St. Clair,0
2021-09-30,Perryville,2,St. Pius X (Festus),0
2021-09-30,Lutheran (Kansas City),0,Summit Christian Academy,3
2021-09-30,Pattonville,5,University City,1
2021-09-30,De Smet Jesuit,0,Vianney,2
2021-09-30,Lone Jack,0,Warrensburg,3
2021-09-30,Christian Brothers College,4,Webster Groves,0
2021-09-30,St. Charles West,5,Winfield,4
2021-10-01,Southern Boone,2,Barstow,1
2021-10-01,Webb City,3,Bolivar,4
2021-10-01,Hillsboro,1,Camdenton,1
2021-10-01,Republic,5,Camdenton,0
2021-10-01,Jefferson City,3,Carl Junction,1
2021-10-01,Rockwood Summit,0,Chaminade College Prep,3
2021-10-01,Green Ridge,1,Clinton,3
2021-10-01,Lebanon,1,Clinton,5
2021-10-01,Laquey,1,Dixon,3
2021-10-01,Savannah,1,Glendale,7
2021-10-01,Cole Camp,0,Greenwood,3
2021-10-01,Brentwood,7,Hancock,1
2021-10-01,Osage,2,Hannibal,0
2021-10-01,Wright City,8,Hazelwood East,0
2021-10-01,Willard,7,Hillcrest,1
2021-10-01,Nixa,1,Jackson,0
2021-10-01,Lee's Summit West,0,Kickapoo,3
2021-10-01,Neosho,1,Marshfield,0
2021-10-01,Missouri Military Academy,6,Mexico,7
2021-10-01,Fatima,0,Osage,3
2021-10-01,Sacred Heart,4,Pleasant Hill,3
2021-10-01,Rolla,2,Poplar Bluff,1
2021-10-01,St. Michael the Archangel,0,Raymore-Peculiar,1
2021-10-01,Iberia,5,Richland,3
2021-10-01,Capital City,0,Springfield Catholic,4
2021-10-01,McCluer North,2,STEAM Academy,3
2021-10-01,Maplewood-Richmond Hts.,2,Valley Park,1
2021-10-01,Bishop DuBourg,0,Veritas Christian Academy,1
2021-10-01,Branson,4,Waynesville,1
2021-10-01,Lutheran St. Charles,0,Whitfield,5
2021-10-01,Metro,1,Windsor (Imperial),2
2021-10-02,Carl Junction,0,Camdenton,4
2021-10-02,Hillsboro,2,Carl Junction,0
2021-10-02,Priory,1,De Smet Jesuit,6
2021-10-02,SLUH,4,Ft. Zumwalt South,2
2021-10-02,Capital City,0,Glendale,8
2021-10-02,Republic,2,Hannibal,2
2021-10-02,Fatima,1,Hickman,2
2021-10-02,Hannibal,4,Hillsboro,0
2021-10-02,Kickapoo,4,Jackson,0
2021-10-02,Republic,1,Jefferson City,2
2021-10-02,John Burroughs,0,Ladue Horton Watkins,1
2021-10-02,Nixa,2,Lee's Summit West,0
2021-10-02,Osage,5,Moberly,1
2021-10-02,Fatima,3,Moberly,3
2021-10-02,Farmington,0,Northwest (Cedar Hill),3
2021-10-02,Timberland,2,Parkway Central,0
2021-10-02,Chaminade College Prep,4,Parkway South,0
2021-10-02,Waynesville,3,Poplar Bluff,1
2021-10-02,Maplewood-Richmond Hts.,0,Principia,7
2021-10-02,Branson,8,Rolla,0
2021-10-02,Springfield Catholic,4,Savannah,3
2021-10-04,Windsor (Imperial),1,Affton,6
2021-10-04,Benton,1,Bishop LeBlond,9
2021-10-04,Lee's Summit North,2,Blue Springs,1
2021-10-04,Southern Boone,5,Canton,1
2021-10-04,Osage,1,Capital City,2
2021-10-04,Metro,9,Cardinal Ritter,1
2021-10-04,Oakville,1,Clayton,0
2021-10-04,Holt,4,Duchesne,1
2021-10-04,Liberty (Wentzville),1,Francis Howell North,0
2021-10-04,Winfield,0,Fulton,6
2021-10-04,Sacred Heart,6,Green Ridge,0
2021-10-04,Gateway Science Charter,7,Hazelwood East,1
2021-10-04,Parkway West,0,Lafayette (Wildwood),1
2021-10-04,Staley,0,Lee's Summit,5
2021-10-04,Blue Springs South,2,Liberty,1
2021-10-04,Lee's Summit West,2,Liberty North,0
2021-10-04,Crocker,3,New Covenant Academy,6
2021-10-04,Jackson,4,North County,0
2021-10-04,Park Hill,1,North Kansas City,0
2021-10-04,Platte County,0,Park Hill South,1
2021-10-04,Seckman,2,Pattonville,1
2021-10-04,Lutheran St. Charles,2,Principia,1
2021-10-04,Lebanon,8,Richland,0
2021-10-04,St. Charles,0,Ritenour,3
2021-10-04,Lafayette (St. Joseph),1,Savannah,4
2021-10-04,Grandview,0,Smithville,2
2021-10-04,Pacific,7,St. Clair,0
2021-10-04,Sacred Heart,6,Willard,0
2021-10-04,Warrenton,0,Veritas Christian Academy,5
2021-10-04,Harrisonville,3,Warrensburg,0
2021-10-04,St. Charles West,0,Whitfield,8
2021-10-05,Springfield Catholic,8,Aurora,0
2021-10-05,Maryville,4,Benton,0
2021-10-05,Ozark,2,Branson,4
2021-10-05,Valley Park,1,Brentwood,6
2021-10-05,Carl Junction,0,Carthage,8
2021-10-05,McDonald County,5,Cassville,4
2021-10-05,Excelsior Springs,3,Center,1
2021-10-05,New Covenant Academy,1,Central (Springfield),0
2021-10-05,St. Dominic,1,Christian Brothers College,3
2021-10-05,Green Ridge,1,Cole Camp,1
2021-10-05,Maplewood-Richmond Hts.,6,Crossroads College Preparatory,2
2021-10-05,Crocker,1,Fair Grove,9
2021-10-05,DeSoto,4,Festus,0
2021-10-05,Seckman,4,Fox,1
2021-10-05,Francis Howell,1,Francis Howell Central,2
2021-10-05,Ft. Zumwalt North,0,Ft. Zumwalt East,5
2021-10-05,Camdenton,0,Glendale,8
2021-10-05,Bayless,3,Hancock,1
2021-10-05,Affton,4,Hazelwood West,1
2021-10-05,Father Tolton,1,Helias Catholic,0
2021-10-05,Bolivar,7,Hillcrest,0
2021-10-05,Farmington,1,Hillsboro,0
2021-10-05,Nixa,5,Joplin,0
2021-10-05,Hannibal,1,Kirksville,0
2021-10-05,Webster Groves,0,Kirkwood,1
2021-10-05,Rockwood Summit,0,Ladue Horton Watkins,1
2021-10-05,Washington,0,Liberty (Wentzville),2
2021-10-05,East (Kansas City),0,Lincoln College Prep,1
2021-10-05,Eureka,1,Lindbergh,2
2021-10-05,Logan-Rogersville,0,Monett,2
2021-10-05,Parkway South,3,Northwest (Cedar Hill),4
2021-10-05,Clinton,0,Odessa,2
2021-10-05,Mexico,1,Osage,6
2021-10-05,Webb City,0,Pacific,3
2021-10-05,Clayton,1,Parkway Central,5
2021-10-05,University City,0,Parkway North,5
2021-10-05,Oakville,1,Parkway West,2
2021-10-05,Ritenour,1,Pattonville,0
2021-10-05,Rockhurst,2,Pembroke Hill,0
2021-10-05,Oak Grove,4,Pleasant Hill,1
2021-10-05,Notre Dame (Cape Girardeau),4,Poplar Bluff,0
2021-10-05,Grain Valley,6,Raytown,2
2021-10-05,Smithville,2,Raytown South,0
2021-10-05,Webb City,0,Republic,3
2021-10-05,Parkview,2,Rolla,3
2021-10-05,Kearney,6,Ruskin,1
2021-10-05,Chaminade College Prep,1,SLUH,0
2021-10-05,Orchard Farm,1,St. Charles West,0
2021-10-05,Union,8,St. Clair,0
2021-10-05,North Point,0,St. Francis Borgia,2
2021-10-05,Lone Jack,0,St. Paul Lutheran (Concordia),8
2021-10-05,Troy Buchanan,0,Timberland,3
2021-10-05,William Chrisman,2,St. Charles,0
2021-10-05,Summit Christian Academy,1,Van Horn,4
2021-10-05,Mehlville,2,Vianney,1
2021-10-05,Harrisonville,3,Warrensburg,0
2021-10-05,St. Charles,3,Warrenton,2
2021-10-05,Lebanon,0,Waynesville,8
2021-10-05,Kickapoo,8,West Plains,0
2021-10-05,MICDS,2,Westminster Christian Academy,1
2021-10-05,Neosho,5,Willard,1
2021-10-05,Lutheran South,2,Windsor (Imperial),1
2021-10-05,Grandview,5,Winnetonka,0
2021-10-06,Lee's Summit North,0,Blue Springs South,1
2021-10-06,Lafayette (St. Joseph),0,Cameron,2
2021-10-06,Sacred Heart,5,Cole Camp,0
2021-10-06,Christian Brothers College,0,De Smet Jesuit,1
2021-10-06,Lafayette (Wildwood),1,Eureka,2
2021-10-06,Belton,2,Fort Osage,0
2021-10-06,Parkway North,3,Fox,2
2021-10-06,Hazelwood West,8,Hazelwood Central,0
2021-10-06,Raymore-Peculiar,1,Liberty North,0
2021-10-06,Bishop LeBlond,6,Lutheran (Kansas City),3
2021-10-06,Lutheran North,0,Lutheran South,7
2021-10-06,Hancock,3,McCluer,2
2021-10-06,Whitfield,2,Notre Dame (Cape Girardeau),0
2021-10-06,Kearney,4,Oak Park,0
2021-10-06,John Burroughs,3,Priory,0
2021-10-06,Central (St. Joseph),5,Raytown,0
2021-10-06,Benton,1,Savannah,2
2021-10-06,Willard,1,Smithton,7
2021-10-06,Webster Groves,1,St. Francis Borgia,0
2021-10-06,Brentwood,0,St. Pius X (Festus),7
2021-10-06,Union,2,Washington,1
2021-10-06,Hazelwood East,0,Winfield,4
2021-10-07,Cassville,0,Aurora,1
2021-10-07,St. Paul Lutheran (Concordia),4,Barstow,3
2021-10-07,Lutheran St. Charles,5,Bishop DuBourg,2
2021-10-07,Lee's Summit West,2,Blue Springs,0
2021-10-07,Oak Grove,4,Boonville,3
2021-10-07,Glendale,2,Branson,1
2021-10-07,Jackson,2,Central (Cape Girardeau),0
2021-10-07,Savannah,1,Central (St. Joseph),4
2021-10-07,Osage,6,Clinton,0
2021-10-07,Sacred Heart,5,Cole Camp,0
2021-10-07,Webb City,5,Dixon,4
2021-10-07,William Chrisman,1,East (Kansas City),1
2021-10-07,Marshfield,1,Fair Grove,0
2021-10-07,Grain Valley,5,Fort Osage,1
2021-10-07,Notre Dame (Cape Girardeau),9,Fredericktown,1
2021-10-07,North Point,1,Ft. Zumwalt East,3
2021-10-07,Francis Howell,2,Ft. Zumwalt South,4
2021-10-07,Timberland,4,Ft. Zumwalt West,3
2021-10-07,Oak Park,1,Harrisonville,0
2021-10-07,Greenwood,2,Hillcrest,0
2021-10-07,St. Pius X (Festus),4,Hillsboro,2
2021-10-07,Liberty (Wentzville),3,Holt,2
2021-10-07,Smithville,5,Kearney,1
2021-10-07,Carthage,0,Kickapoo,2
2021-10-07,Northeast (Kansas City),0,Lafayette (St. Joseph),1
2021-10-07,Barstow,2,Lincoln College Prep,1
2021-10-07,Bolivar,2,Logan-Rogersville,1
2021-10-07,Center,2,Lone Jack,3
2021-10-07,Kirkwood,0,Marquette,1
2021-10-07,Lincoln College Prep,4,Maryville,3
2021-10-07,McCluer,0,McCluer North,4
2021-10-07,Kirksville,1,Moberly,3
2021-10-07,Parkway Central,0,Northwest (Cedar Hill),3
2021-10-07,Mehlville,2,Oakville,0
2021-10-07,Park Hill South,0,Park Hill,1
2021-10-07,Webb City,2,Parkview,1
2021-10-07,Parkway South,1,Parkway West,0
2021-10-07,Fox,0,Ritenour,3
2021-10-07,Webster Groves,1,Rockwood Summit,3
2021-10-07,Republic,4,Rolla,0
2021-10-07,Winnetonka,2,Ruskin,3
2021-10-07,Hazelwood West,1,Seckman,3
2021-10-07,Helias Catholic,0,SLUH,8
2021-10-07,Fatima,0,Southern Boone,3
2021-10-07,Nixa,1,Springfield Catholic,0
2021-10-07,Francis Howell North,8,St. Charles West,0
2021-10-07,Pleasant Hill,3,St. Michael the Archangel,8
2021-10-07,Chillicothe,3,St. Pius X (Kansas City),2
2021-10-07,Hazelwood Central,2,STEAM Academy,3
2021-10-07,Odessa,0,Summit Christian Academy,2
2021-10-07,Francis Howell Central,1,Troy Buchanan,0
2021-10-07,Belton,2,St. Charles,1
2021-10-07,Affton,6,University City,0
2021-10-07,Blue Springs South,1,Van Horn,2
2021-10-07,Duchesne,1,Veritas Christian Academy,2
2021-10-07,Lafayette (Wildwood),2,Vianney,4
2021-10-07,Knob Noster,2,Warrensburg,4
2021-10-07,Laquey,0,Waynesville,6
2021-10-08,Maplewood-Richmond Hts.,2,Brentwood,3
2021-10-08,Iberia,9,Calvary Lutheran,1
2021-10-08,Pembroke Hill,3,Carthage,2
2021-10-08,Kickapoo,1,Chaminade College Prep,1
2021-10-08,University City,0,Clayton,6
2021-10-08,Willard,1,Cole Camp,2
2021-10-08,Bayless,3,Crossroads College Preparatory,0
2021-10-08,Windsor (Imperial),0,DeSoto,3
2021-10-08,Richland,0,Dixon,8
2021-10-08,Monett,0,Francis Howell,3
2021-10-08,Rock Bridge,1,Ft. Zumwalt South,4
2021-10-08,Valley Park,5,Hancock,1
2021-10-08,William Chrisman,0,Hickman,2
2021-10-08,Affton,5,Hillsboro,0
2021-10-08,St. Michael the Archangel,1,Ladue Horton Watkins,4
2021-10-08,Fair Grove,3,Laquey,1
2021-10-08,Greenwood,2,Lebanon,3
2021-10-08,Hazelwood East,1,Lutheran North,2
2021-10-08,Webster Groves,3,Lutheran South,0
2021-10-08,Winfield,0,Lutheran St. Charles,5
2021-10-08,Camdenton,2,Marshfield,0
2021-10-08,McKinley Classical Leadership,3,Metro,1
2021-10-08,East (Kansas City),1,Ozark,2
2021-10-08,Gateway Science Charter,5,Principia,9
2021-10-08,Duchesne,0,Priory,2
2021-10-08,Sacred Heart,1,Smithton,2
2021-10-08,Kirkwood,0,Westminster Christian Academy,1
2021-10-08,Orchard Farm,1,Whitfield,3
2021-10-08,Lebanon,1,Willard,7
2021-10-08,Greenwood,0,Willard,8
2021-10-09,Webster Groves,1,Bishop DuBourg,2
2021-10-09,St. Michael the Archangel,1,Carthage,4
2021-10-09,John Burroughs,4,Clayton,0
2021-10-09,Northwest (Cedar Hill),6,Fox,0
2021-10-09,William Chrisman,0,Francis Howell,1
2021-10-09,Ft. Zumwalt East,4,Ft. Zumwalt North,0
2021-10-09,East (Kansas City),1,Ft. Zumwalt South,9
2021-10-09,Ladue Horton Watkins,4,Grain Valley,0
2021-10-09,Kearney,1,Harrisonville,4
2021-10-09,Ozark,0,Hickman,3
2021-10-09,Monett,2,Hickman,5
2021-10-09,Marquette,2,Kickapoo,0
2021-10-09,Father Tolton,3,Kirksville,0
2021-10-09,St. Paul Lutheran (Concordia),6,Maryville,1
2021-10-09,Rock Bridge,5,Monett,0
2021-10-09,Rock Bridge,3,Ozark,1
2021-10-09,Ladue Horton Watkins,0,Pembroke Hill,3
2021-10-09,Poplar Bluff,3,Union,0
2021-10-09,Lindbergh,1,Vianney,2
2021-10-11,Lutheran South,0,Affton,2
2021-10-11,North Kansas City,0,Central (St. Joseph),2
2021-10-11,Dixon,2,Crocker,5
2021-10-11,Lutheran St. Charles,1,Duchesne,0
2021-10-11,Laquey,2,Fatima,5
2021-10-11,St. Paul Lutheran (Farmington),1,Festus,4
2021-10-11,Winnetonka,0,Fort Osage,7
2021-10-11,St. Dominic,6,Francis Howell Central,0
2021-10-11,Savannah,0,Guadalupe Centers Charter,2
2021-10-11,Lafayette (Wildwood),8,Hazelwood West,0
2021-10-11,Helias Catholic,1,Jefferson City,0
2021-10-11,Springfield Catholic,7,Joplin,0
2021-10-11,Raytown South,1,Kearney,2
2021-10-11,Kickapoo,8,Lebanon,0
2021-10-11,Park Hill South,0,Lee's Summit,1
2021-10-11,Liberty,4,Lee's Summit North,1
2021-10-11,Blue Springs South,0,Lee's Summit West,2
2021-10-11,New Covenant Academy,2,Marshfield,3
2021-10-11,University City,4,McCluer,0
2021-10-11,Willard,4,McDonald County,1
2021-10-11,Fulton,6,Mexico,0
2021-10-11,Liberty North,1,Park Hill,2
2021-10-11,Webster Groves,1,Parkway Central,1
2021-10-11,Parkway West,1,Parkway North,0
2021-10-11,Jackson,3,Perryville,1
2021-10-11,Blue Springs,2,Raymore-Peculiar,0
2021-10-11,Farmington,3,Sikeston,1
2021-10-11,DeSoto,2,St. Pius X (Festus),1
2021-10-11,Oak Park,0,Staley,2
2021-10-11,Maplewood-Richmond Hts.,3,STEAM Academy,0
2021-10-11,Pacific,1,Webb City,2
2021-10-11,Westminster Christian Academy,2,Timberland,0
2021-10-11,Wright City,4,Warrenton,1
2021-10-11,Clayton,1,Whitfield,0
2021-10-11,Northwest (Cedar Hill),5,Windsor (Imperial),0
2021-10-12,William Chrisman,0,Belton,3
2021-10-12,Glendale,3,Bolivar,0
2021-10-12,Republic,0,Branson,2
2021-10-12,Hancock,1,Brentwood,8
2021-10-12,Capital City,4,Calvary Lutheran,0
2021-10-12,Central (Springfield),1,Camdenton,0
2021-10-12,Bishop LeBlond,9,Cameron,1
2021-10-12,Pleasant Hill,2,Center,4
2021-10-12,Notre Dame (Cape Girardeau),3,Central (Cape Girardeau),0
2021-10-12,SLUH,5,Christian Brothers College,0
2021-10-12,Warrensburg,1,Clinton,5
2021-10-12,Sacred Heart,4,Cole Camp,1
2021-10-12,Grandview,7,Cristo Rey,3
2021-10-12,Valley Park,3,Crossroads College Preparatory,2
2021-10-12,De Smet Jesuit,1,Eureka,0
2021-10-12,Odessa,0,Excelsior Springs,3
2021-10-12,Logan-Rogersville,7,Fair Grove,2
2021-10-12,Lindbergh,4,Fox,0
2021-10-12,Ft. Zumwalt East,1,Francis Howell North,2
2021-10-12,Liberty (Wentzville),2,Ft. Zumwalt South,3
2021-10-12,St. Charles,3,Grain Valley,4
2021-10-12,Cassville,1,Greenwood,0
2021-10-12,Oak Grove,0,Harrisonville,5
2021-10-12,McCluer,5,Hazelwood East,4
2021-10-12,Timberland,4,Hazelwood West,1
2021-10-12,West Plains,1,Hillcrest,0
2021-10-12,Francis Howell Central,3,Holt,1
2021-10-12,Helias Catholic,1,Jefferson City,0
2021-10-12,Ozark,2,Joplin,3
2021-10-12,Waynesville,0,Kickapoo,5
2021-10-12,Mexico,5,Kirksville,4
2021-10-12,Ladue Horton Watkins,1,Kirkwood,0
2021-10-12,Chillicothe,3,Lafayette (St. Joseph),0
2021-10-12,Westminster Christian Academy,2,Lafayette (Wildwood),3
2021-10-12,Rolla,4,Lebanon,0
2021-10-12,Smithton,3,Lone Jack,2
2021-10-12,Knob Noster,1,Lutheran (Kansas City),2
2021-10-12,John Burroughs,8,Lutheran North,0
2021-10-12,Bayless,7,Maplewood-Richmond Hts.,0
2021-10-12,McDonald County,0,Marshfield,2
2021-10-12,Parkway Central,1,Mehlville,2
2021-10-12,University City,2,Metro,3
2021-10-12,Hannibal,5,Moberly,4
2021-10-12,Aurora,0,Monett,8
2021-10-12,Carl Junction,0,Neosho,3
2021-10-12,East (Kansas City),4,Northeast (Kansas City),0
2021-10-12,Seckman,0,Northwest (Cedar Hill),5
2021-10-12,Laquey,0,Osage,6
2021-10-12,Oakville,2,Pattonville,1
2021-10-12,Kearney,0,Platte County,5
2021-10-12,MICDS,2,Priory,0
2021-10-12,Fort Osage,3,Raytown,2
2021-10-12,Marquette,3,Rockwood Summit,2
2021-10-12,Ruskin,0,Smithville,6
2021-10-12,St. Charles West,0,St. Charles,3
2021-10-12,Pacific,3,St. Francis Borgia,2
2021-10-12,Boonville,1,St. Paul Lutheran (Concordia),9
2021-10-12,Richland,0,Willard,7
2021-10-12,Francis Howell,4,Troy Buchanan,0
2021-10-12,Festus,2,Union,7
2021-10-12,Webster Groves,3,Vianney,1
2021-10-12,Ft. Zumwalt North,3,Washington,0
2021-10-12,Carthage,7,Webb City,2
2021-10-12,Nixa,7,Willard,3
2021-10-12,Hillsboro,2,Windsor (Imperial),0
2021-10-13,Park Hill,0,Blue Springs,1
2021-10-13,McCluer North,0,Brentwood,8
2021-10-13,Clinton,1,Camdenton,2
2021-10-13,Benton,2,Cameron,0
2021-10-13,Metro,3,Crossroads College Preparatory,4
2021-10-13,North County,0,DeSoto,8
2021-10-13,Lincoln College Prep,1,East (Kansas City),3
2021-10-13,St. Paul Lutheran (Farmington),2,Fredericktown,1
2021-10-13,Duchesne,0,Ft. Zumwalt North,2
2021-10-13,Ft. Zumwalt West,1,Ft. Zumwalt South,2
2021-10-13,William Chrisman,2,Grain Valley,1
2021-10-13,Raytown South,1,Grandview,2
2021-10-13,Smithville,5,Kearney,1
2021-10-13,Savannah,3,Lafayette (St. Joseph),0
2021-10-13,Central (St. Joseph),0,Lee's Summit,8
2021-10-13,Lee's Summit West,3,Lee's Summit North,0
2021-10-13,Liberty North,3,Liberty,2
2021-10-13,Veritas Christian Academy,0,Lutheran St. Charles,2
2021-10-13,Cardinal Ritter,0,McKinley Classical Leadership,8
2021-10-13,Oak Park,0,Park Hill South,4
2021-10-13,Ritenour,6,Parkway North,1
2021-10-13,Mehlville,5,Parkway West,1
2021-10-13,Farmington,0,Perryville,7
2021-10-13,Blue Springs South,1,Raymore-Peculiar,0
2021-10-13,Helias Catholic,3,Rolla,1
2021-10-13,Festus,0,Seckman,6
2021-10-13,Wright City,1,St. Charles,5
2021-10-13,Dixon,9,St. Clair,1
2021-10-13,St. Pius X (Festus),1,St. Francis Borgia,0
2021-10-13,North Kansas City,2,Staley,4
2021-10-13,North Point,2,Warrenton,1
2021-10-13,Affton,1,Whitfield,9
2021-10-14,Pattonville,0,Affton,1
2021-10-14,Summit Christian Academy,1,Barstow,0
2021-10-14,Principia,3,Bishop DuBourg,1
2021-10-14,Lafayette (St. Joseph),0,Bishop LeBlond,8
2021-10-14,Central (Springfield),0,Branson,1
2021-10-14,Odessa,8,Cameron,0
2021-10-14,Kirksville,1,Canton,0
2021-10-14,Glendale,1,Carthage,0
2021-10-14,Springfield Catholic,8,Cassville,0
2021-10-14,Lutheran (Kansas City),1,Center,3
2021-10-14,Benton,0,Chillicothe,1
2021-10-14,Hickman,2,De Smet Jesuit,5
2021-10-14,Iberia,1,Dixon,9
2021-10-14,Parkway West,2,Eureka,1
2021-10-14,St. Charles,6,Fort Osage,2
2021-10-14,Washington,2,Francis Howell North,1
2021-10-14,Veritas Christian Academy,0,Ft. Zumwalt East,7
2021-10-14,Ft. Zumwalt North,2,Ft. Zumwalt West,5
2021-10-14,Southern Boone,4,Fulton,3
2021-10-14,William Chrisman,2,Grain Valley,1
2021-10-14,Smithton,7,Green Ridge,1
2021-10-14,New Covenant Academy,3,Greenwood,1
2021-10-14,Maplewood-Richmond Hts.,3,Hancock,0
2021-10-14,Mexico,1,Hannibal,7
2021-10-14,STEAM Academy,3,Hazelwood East,0
2021-10-14,Westminster Christian Academy,9,Hazelwood West,1
2021-10-14,Ozark,2,Helias Catholic,0
2021-10-14,Marshfield,3,Hillcrest,0
2021-10-14,Troy Buchanan,1,Holt,5
2021-10-14,Grandview,1,Kearney,2
2021-10-14,Clinton,4,Knob Noster,2
2021-10-14,Timberland,1,Lafayette (Wildwood),2
2021-10-14,Crocker,1,Lebanon,5
2021-10-14,Park Hill,0,Liberty,1
2021-10-14,West Plains,0,Logan-Rogersville,1
2021-10-14,Priory,5,Lutheran South,0
2021-10-14,Jackson,3,Lutheran St. Charles,3
2021-10-14,Hazelwood Central,1,McCluer North,2
2021-10-14,Camdenton,4,Missouri Military Academy,3
2021-10-14,Boonville,2,Moberly,5
2021-10-14,Hillsboro,1,North County,0
2021-10-14,Parkway North,0,Northwest (Cedar Hill),8
2021-10-14,St. Paul Lutheran (Concordia),3,Oak Grove,2
2021-10-14,St. Charles West,0,Orchard Farm,5
2021-10-14,Oakville,1,Parkway South,2
2021-10-14,Harrisonville,0,Pembroke Hill,6
2021-10-14,Lone Jack,1,Pleasant Hill,4
2021-10-14,Belton,1,Raytown,0
2021-10-14,Winnetonka,0,Raytown South,5
2021-10-14,Bolivar,2,Republic,5
2021-10-14,Excelsior Springs,6,Ruskin,1
2021-10-14,Perryville,5,Sikeston,2
2021-10-14,Platte County,1,Smithville,0
2021-10-14,DeSoto,8,St. Paul Lutheran (Farmington),1
2021-10-14,Maryville,3,St. Pius X (Kansas City),0
2021-10-14,Winfield,0,Union,1
2021-10-14,Seckman,5,University City,1
2021-10-14,SLUH,2,Vianney,1
2021-10-14,Marshall,1,Warrensburg,0
2021-10-14,Webb City,2,Warrenton,4
2021-10-14,Osage,4,Waynesville,3
2021-10-14,Aurora,0,Webb City,8
2021-10-14,Lindbergh,0,Webster Groves,1
2021-10-14,Monett,2,Willard,4
2021-10-15,Raymore-Peculiar,1,Blue Springs South,2
2021-10-15,Rockhurst,3,Chaminade College Prep,0
2021-10-15,Fair Grove,8,Cole Camp,0
2021-10-15,Francis Howell Central,0,Francis Howell North,2
2021-10-15,Smithton,7,Green Ridge,0
2021-10-15,Kickapoo,4,Jefferson City,2
2021-10-15,De Smet Jesuit,1,John Burroughs,0
2021-10-15,Vianney,0,Lee's Summit,3
2021-10-15,Vianney,3,Lee's Summit North,3
2021-10-15,Metro,1,Maplewood-Richmond Hts.,3
2021-10-15,Mexico,0,Marshall,8
2021-10-15,Clayton,0,Mehlville,1
2021-10-15,Christian Brothers College,2,Nixa,0
2021-10-15,Central (St. Joseph),0,Oak Park,1
2021-10-15,Monett,0,Ozark,1
2021-10-15,Rockwood Summit,4,Parkway South,0
2021-10-15,Parkway North,1,Pattonville,3
2021-10-15,Glendale,0,Pembroke Hill,4
2021-10-15,Staley,0,Platte County,1
2021-10-15,Iberia,8,Richland,1
2021-10-15,Laquey,5,Willard,3
2021-10-15,Fatima,1,Union,2
2021-10-15,MICDS,1,Whitfield,0
2021-10-16,St. Francis Borgia,1,Central (Cape Girardeau),8
2021-10-16,Rockhurst,1,Christian Brothers College,0
2021-10-16,Ladue Horton Watkins,2,Clayton,1
2021-10-16,Green Ridge,5,Cole Camp,0
2021-10-16,West Plains,4,Dixon,1
2021-10-16,Smithton,4,Fair Grove,0
2021-10-16,St. Paul Lutheran (Concordia),1,Fair Grove,2
2021-10-16,Webster Groves,2,Father Tolton,1
2021-10-16,Ft. Zumwalt West,1,Francis Howell,3
2021-10-16,Willard,1,Green Ridge,3
2021-10-16,Marquette,5,Jefferson City,2
2021-10-16,Fulton,4,Kirksville,0
2021-10-16,Vianney,0,Lee's Summit,3
2021-10-16,Vianney,3,Lee's Summit North,3
2021-10-16,Chaminade College Prep,4,Nixa,0
2021-10-16,Notre Dame (Cape Girardeau),3,Priory,4
2021-10-16,St. Dominic,0,SLUH,3
2021-10-16,Laquey,0,Smithton,4
2021-10-16,Laquey,2,St. Paul Lutheran (Concordia),1
2021-10-18,Parkview,9,Aurora,1
2021-10-18,East (Kansas City),7,Barstow,0
2021-10-18,Monett,1,Bolivar,3
2021-10-18,Staley,4,Central (St. Joseph),2
2021-10-18,St. Charles West,2,Duchesne,0
2021-10-18,Southern Boone,1,Father Tolton,3
2021-10-18,Dixon,1,Fatima,4
2021-10-18,North County,2,Festus,1
2021-10-18,Perryville,5,Fredericktown,0
2021-10-18,Lafayette (Wildwood),1,Ft. Zumwalt South,2
2021-10-18,St. Pius X (Kansas City),0,Guadalupe Centers Charter,5
2021-10-18,Chillicothe,3,Hannibal,2
2021-10-18,Metro,5,Hazelwood East,0
2021-10-18,Poplar Bluff,0,Jackson,2
2021-10-18,Lone Jack,0,Knob Noster,5
2021-10-18,Fair Grove,7,Lebanon,3
2021-10-18,Liberty,2,Lee's Summit West,4
2021-10-18,Blue Springs,3,Liberty North,1
2021-10-18,Savannah,0,Maryville,4
2021-10-18,McCluer North,6,McCluer,3
2021-10-18,Moberly,7,Mexico,2
2021-10-18,Lutheran North,0,MICDS,8
2021-10-18,Park Hill South,7,North Kansas City,1
2021-10-18,Sikeston,0,Notre Dame (Cape Girardeau),8
2021-10-18,Lee's Summit,8,Oak Park,0
2021-10-18,Maplewood-Richmond Hts.,0,Orchard Farm,3
2021-10-18,Blue Springs South,0,Park Hill,1
2021-10-18,Parkway South,0,Parkway Central,1
2021-10-18,Lutheran St. Charles,3,Parkway West,2
2021-10-18,Lee's Summit North,1,Raymore-Peculiar,4
2021-10-18,Raytown,1,Raytown South,2
2021-10-18,Laquey,14,Richland,1
2021-10-18,Brentwood,0,Ritenour,2
2021-10-18,Lindbergh,2,Rockwood Summit,1
2021-10-18,Helias Catholic,2,Sacred Heart,1
2021-10-18,Windsor (Imperial),0,Seckman,5
2021-10-18,Webb City,8,St. Clair,0
2021-10-18,Eureka,3,St. Francis Borgia,1
2021-10-18,Marshall,1,St. Paul Lutheran (Concordia),3
2021-10-18,Ft. Zumwalt North,0,Timberland,4
2021-10-18,Hancock,0,Valley Park,6
2021-10-19,Greenwood,1,Aurora,9
2021-10-19,St. Pius X (Festus),1,Bayless,0
2021-10-19,Grain Valley,7,Belton,1
2021-10-19,Veritas Christian Academy,1,Bishop DuBourg,0
2021-10-19,Savannah,0,Bishop LeBlond,5
2021-10-19,Missouri Military Academy,3,Boonville,2
2021-10-19,Richland,6,Calvary Lutheran,2
2021-10-19,Republic,6,Carl Junction,0
2021-10-19,Webster Groves,0,Chaminade College Prep,2
2021-10-19,Kirksville,2,Chillicothe,3
2021-10-19,Laquey,3,Dixon,4
2021-10-19,Hillsboro,8,Festus,0
2021-10-19,Holt,4,Francis Howell,5
2021-10-19,Timberland,3,Francis Howell Central,1
2021-10-19,St. Charles West,0,Ft. Zumwalt East,8
2021-10-19,Francis Howell North,4,Ft. Zumwalt North,1
2021-10-19,Hannibal,3,Fulton,0
2021-10-19,Smithville,2,Grandview,0
2021-10-19,Summit Christian Academy,8,Green Ridge,0
2021-10-19,Van Horn,1,Guadalupe Centers Charter,4
2021-10-19,Fox,1,Hazelwood West,0
2021-10-19,Central (Springfield),9,Hillcrest,1
2021-10-19,Principia,1,John Burroughs,3
2021-10-19,Camdenton,0,Kickapoo,8
2021-10-19,Lafayette (Wildwood),1,Kirkwood,1
2021-10-19,St. Pius X (Kansas City),5,Lafayette (St. Joseph),1
2021-10-19,Bolivar,5,Lebanon,0
2021-10-19,Ladue Horton Watkins,2,Lindbergh,1
2021-10-19,McDonald County,0,Logan-Rogersville,7
2021-10-19,Brentwood,5,Lutheran North,0
2021-10-19,DeSoto,0,Lutheran South,3
2021-10-19,Mehlville,0,Marquette,1
2021-10-19,Crocker,0,Marshfield,4
2021-10-19,Benton,0,Maryville,5
2021-10-19,Hazelwood Central,3,McCluer,1
2021-10-19,Hazelwood East,2,McCluer North,3
2021-10-19,Joplin,0,Neosho,4
2021-10-19,Cassville,0,New Covenant Academy,3
2021-10-19,Carthage,1,Nixa,9
2021-10-19,Pacific,0,Northwest (Cedar Hill),2
2021-10-19,Clinton,1,Oak Grove,2
2021-10-19,Vianney,1,Oakville,0
2021-10-19,Harrisonville,0,Odessa,1
2021-10-19,Willard,0,Ozark,6
2021-10-19,Clayton,2,Pattonville,0
2021-10-19,Ruskin,0,Platte County,3
2021-10-19,Excelsior Springs,8,Pleasant Hill,0
2021-10-19,Waynesville,1,Rolla,0
2021-10-19,Eureka,0,SLUH,4
2021-10-19,Capital City,2,Savannah,1
2021-10-19,Sacred Heart,1,Southern Boone,3
2021-10-19,Orchard Farm,2,St. Charles,0
2021-10-19,De Smet Jesuit,4,St. Dominic,5
2021-10-19,MICDS,6,St. Francis Borgia,1
2021-10-19,Smithton,3,Willard,0
2021-10-19,Union,2,Webb City,1
2021-10-19,Ft. Zumwalt West,2,Troy Buchanan,0
2021-10-19,Raytown,0,St. Charles,4
2021-10-19,Maplewood-Richmond Hts.,0,University City,2
2021-10-19,Center,4,Warrensburg,2
2021-10-19,Winfield,4,Warrenton,1
2021-10-19,Ft. Zumwalt South,1,Washington,0
2021-10-19,Branson,3,Webb City,0
2021-10-19,Parkview,5,West Plains,1
2021-10-19,Parkway Central,3,Whitfield,2
2021-10-19,Fort Osage,0,William Chrisman,6
2021-10-19,Kearney,4,Winnetonka,1
2021-10-19,Mexico,1,Wright City,4
2021-10-20,Fox,0,Affton,6
2021-10-20,Cameron,1,Benton,3
2021-10-20,McKinley Classical Leadership,1,Bishop DuBourg,3
2021-10-20,Liberty North,0,Blue Springs South,1
2021-10-20,Lincoln College Prep,1,Center,0
2021-10-20,Fredericktown,0,Central (Cape Girardeau),10
2021-10-20,John Burroughs,1,Chaminade College Prep,2
2021-10-20,Rockwood Summit,1,Christian Brothers College,2
2021-10-20,Iberia,0,Crocker,8
2021-10-20,Lutheran North,1,Crossroads College Preparatory,0
2021-10-20,Jefferson City,0,Glendale,7
2021-10-20,Hickman,6,Helias Catholic,0
2021-10-20,Park Hill,2,Lee's Summit North,1
2021-10-20,Raymore-Peculiar,2,Lee's Summit West,1
2021-10-20,Gateway Science Charter,3,North County,2
2021-10-20,Winfield,1,North Point,0
2021-10-20,Jackson,0,Notre Dame (Cape Girardeau),2
2021-10-20,St. Michael the Archangel,6,Oak Grove,0
2021-10-20,North Kansas City,1,Oak Park,2
2021-10-20,Washington,2,Pacific,0
2021-10-20,Central (St. Joseph),0,Park Hill South,5
2021-10-20,Parkway West,1,Pattonville,2
2021-10-20,Hazelwood West,1,St. Charles,2
2021-10-20,Metro,1,Webster Groves,7
2021-10-20,Lee's Summit,1,Staley,0
2021-10-20,St. Clair,0,Warrenton,7
2021-10-20,Perryville,8,Windsor (Imperial),0
2021-10-21,Fort Osage,1,Belton,2
2021-10-21,Liberty,0,Blue Springs,3
2021-10-21,Kickapoo,4,Bolivar,0
2021-10-21,Monett,1,Branson,2
2021-10-21,Hillcrest,0,Camdenton,1
2021-10-21,Aurora,1,Carl Junction,5
2021-10-21,North Kansas City,0,Central (St. Joseph),2
2021-10-21,Priory,0,Chaminade College Prep,4
2021-10-21,Vianney,0,Christian Brothers College,2
2021-10-21,Fredericktown,0,DeSoto,8
2021-10-21,North Point,0,Duchesne,1
2021-10-21,Pembroke Hill,0,East (Kansas City),1
2021-10-21,Kirkwood,0,Eureka,1
2021-10-21,Kearney,4,Excelsior Springs,1
2021-10-21,University City,0,Fox,4
2021-10-21,Parkway Central,1,Francis Howell,2
2021-10-21,Washington,2,Ft. Zumwalt East,1
2021-10-21,Liberty (Wentzville),2,Ft. Zumwalt North,1
2021-10-21,St. Dominic,0,Ft. Zumwalt South,1
2021-10-21,Francis Howell Central,0,Ft. Zumwalt West,3
2021-10-21,Moberly,1,Fulton,5
2021-10-21,Central (Springfield),0,Glendale,4
2021-10-21,Raytown,2,Grain Valley,6
2021-10-21,Pleasant Hill,0,Harrisonville,3
2021-10-21,Hazelwood East,0,Hazelwood Central,3
2021-10-21,Ritenour,1,Hazelwood West,3
2021-10-21,Fatima,0,Helias Catholic,4
2021-10-21,McDonald County,0,Joplin,8
2021-10-21,Webster Groves,2,Ladue Horton Watkins,1
2021-10-21,Maryville,8,Lafayette (St. Joseph),0
2021-10-21,West Plains,5,Lebanon,2
2021-10-21,Marquette,1,Lindbergh,0
2021-10-21,Clinton,3,Lone Jack,0
2021-10-21,Father Tolton,0,Marshall,1
2021-10-21,Oakville,2,Northwest (Cedar Hill),0
2021-10-21,Brentwood,1,Orchard Farm,2
2021-10-21,Waynesville,0,Parkview,2
2021-10-21,Affton,2,Parkway North,1
2021-10-21,Mehlville,6,Parkway South,0
2021-10-21,Clayton,1,Parkway West,0
2021-10-21,Central (Cape Girardeau),1,Perryville,2
2021-10-21,Grandview,0,Platte County,5
2021-10-21,Whitfield,7,Principia,5
2021-10-21,Ruskin,3,Raytown South,5
2021-10-21,Hillsboro,2,Sikeston,1
2021-10-21,De Smet Jesuit,0,SLUH,2
2021-10-21,Boonville,0,Savannah,8
2021-10-21,Sacred Heart,0,Smithton,3
2021-10-21,Winnetonka,0,Smithville,8
2021-10-21,Laquey,0,Southern Boone,1
2021-10-21,Westminster Christian Academy,5,St. Charles West,1
2021-10-21,Gateway Science Charter,0,Webster Groves,2
2021-10-21,Lutheran South,0,St. Pius X (Festus),7
2021-10-21,Benton,0,St. Pius X (Kansas City),8
2021-10-21,McCluer,0,STEAM Academy,7
2021-10-21,Crocker,6,Willard,1
2021-10-21,Valley Park,2,Webb City,1
2021-10-21,Van Horn,2,Summit Christian Academy,1
2021-10-21,Holt,1,Timberland,2
2021-10-21,Francis Howell North,2,Troy Buchanan,1
2021-10-21,Pacific,0,Union,2
2021-10-21,Hannibal,1,Warrenton,0
2021-10-21,Springfield Catholic,5,Willard,2
2021-10-21,St. Charles,0,William Chrisman,2
2021-10-22,Notre Dame (Cape Girardeau),5,Bayless,0
2021-10-22,Capital City,0,Branson,5
2021-10-22,Calvary Lutheran,0,Cole Camp,8
2021-10-22,Hancock,0,Crossroads College Preparatory,3
2021-10-22,Smithton,4,Iberia,0
2021-10-22,Webster Groves,0,John Burroughs,2
2021-10-22,Pattonville,1,Lafayette (Wildwood),4
2021-10-22,Fair Grove,3,New Covenant Academy,1
2021-10-22,Rock Bridge,3,Poplar Bluff,1
2021-10-22,Lutheran North,0,Principia,3
2021-10-22,Platte County,1,Raytown South,0
2021-10-22,MICDS,0,SLUH,3
2021-10-22,Dixon,5,Willard,4
2021-10-22,Winfield,3,University City,1
2021-10-22,Barstow,0,Van Horn,6
2021-10-23,Waynesville,3,Camdenton,4
2021-10-23,Christian Brothers College,0,Chaminade College Prep,1
2021-10-23,Mexico,0,Chillicothe,2
2021-10-23,Vianney,1,Eureka,2
2021-10-23,Jackson,1,Farmington,0
2021-10-23,Francis Howell,3,Ft. Zumwalt West,2
2021-10-23,Marshall,1,Hannibal,5
2021-10-23,Poplar Bluff,1,Hickman,8
2021-10-23,Poplar Bluff,0,Jefferson City,1
2021-10-23,Union,0,Jefferson City,3
2021-10-23,Lindbergh,0,Mehlville,2
2021-10-23,Park Hill South,0,Park Hill,1
2021-10-23,Union,0,Rock Bridge,8
2021-10-23,Carthage,0,Rockhurst,3
2021-10-23,Ladue Horton Watkins,3,Westminster Christian Academy,2
2021-10-25,Northwest (Cedar Hill),3,Affton,2
2021-10-25,St. Michael the Archangel,5,Barstow,3
2021-10-25,Blue Springs,2,Blue Springs South,3
2021-10-25,Hazelwood East,3,Cardinal Ritter,0
2021-10-25,Savannah,4,Center,2
2021-10-25,Oak Park,1,Central (St. Joseph),2
2021-10-25,Lutheran (Kansas City),4,Cristo Rey,1
2021-10-25,Canton,1,Father Tolton,6
2021-10-25,Timberland,1,Francis Howell,0
2021-10-25,Holt,1,Ft. Zumwalt West,5
2021-10-25,Marshall,2,Fulton,0
2021-10-25,Osage,5,Helias Catholic,0
2021-10-25,Lutheran South,0,Hillsboro,2
2021-10-25,Calvary Lutheran,1,Iberia,8
2021-10-25,Cameron,0,Lafayette (St. Joseph),2
2021-10-25,Marshfield,1,Lebanon,0
2021-10-25,North Kansas City,0,Lee's Summit,8
2021-10-25,Raymore-Peculiar,0,Liberty,2
2021-10-25,Lee's Summit North,1,Liberty North,0
2021-10-25,Farmington,1,Lindbergh,5
2021-10-25,McCluer,0,Lutheran North,6
2021-10-25,Bishop DuBourg,3,Maplewood-Richmond Hts.,1
2021-10-25,Hazelwood West,8,McCluer North,0
2021-10-25,Kirkwood,3,MICDS,3
2021-10-25,Dixon,0,New Covenant Academy,6
2021-10-25,Perryville,4,North County,0
2021-10-25,Knob Noster,1,Oak Grove,2
2021-10-25,DeSoto,3,Pacific,2
2021-10-25,Staley,1,Park Hill South,4
2021-10-25,Seckman,2,Parkway North,0
2021-10-25,Duchesne,0,Parkway South,2
2021-10-25,St. Charles West,0,Pattonville,4
2021-10-25,Smithville,1,Platte County,0
2021-10-25,Chaminade College Prep,3,St. Dominic,0
2021-10-25,Union,1,St. Francis Borgia,2
2021-10-25,Jefferson City,1,Willard,2
2021-10-25,Brentwood,7,Valley Park,2
2021-10-25,Barstow,0,Van Horn,6
2021-10-25,Priory,1,Westminster Christian Academy,2
2021-10-25,St. Paul Lutheran (Farmington),1,Winfield,5
2021-10-26,Affton,1,Bayless,0
2021-10-26,St. Charles,0,Belton,1
2021-10-26,Maryville,0,Bishop LeBlond,7
2021-10-26,Lebanon,0,Camdenton,2
2021-10-26,Rock Bridge,1,Capital City,0
2021-10-26,Harrisonville,1,Center,2
2021-10-26,Oakville,0,Christian Brothers College,4
2021-10-26,Parkway South,2,Clayton,5
2021-10-26,Excelsior Springs,1,Clinton,4
2021-10-26,Richland,0,Crocker,8
2021-10-26,Willard,0,Dixon,1
2021-10-26,Northeast (Kansas City),2,East (Kansas City),5
2021-10-26,Kirkwood,2,Francis Howell,0
2021-10-26,Ft. Zumwalt South,1,Francis Howell Central,0
2021-10-26,Lafayette (Wildwood),1,Ft. Zumwalt West,2
2021-10-26,Osage,3,Fulton,0
2021-10-26,Hillcrest,0,Glendale,8
2021-10-26,Fort Osage,0,Grain Valley,4
2021-10-26,Ruskin,0,Grandview,6
2021-10-26,Knob Noster,5,Green Ridge,0
2021-10-26,Maplewood-Richmond Hts.,3,Hancock,0
2021-10-26,Troy Buchanan,1,Hannibal,2
2021-10-26,St. Charles,0,Holt,6
2021-10-26,De Smet Jesuit,3,Jackson,1
2021-10-26,Waynesville,2,Jefferson City,3
2021-10-26,Central (Springfield),0,Kickapoo,1
2021-10-26,Parkway Central,2,Ladue Horton Watkins,1
2021-10-26,Cole Camp,0,Laquey,8
2021-10-26,Blue Springs,0,Lee's Summit North,3
2021-10-26,Ft. Zumwalt East,2,Liberty (Wentzville),1
2021-10-26,Van Horn,1,Lincoln College Prep,0
2021-10-26,Greenwood,0,Logan-Rogersville,8
2021-10-26,Kirksville,0,Marshall,3
2021-10-26,Aurora,3,McDonald County,5
2021-10-26,Savannah,6,Moberly,2
2021-10-26,Cassville,1,Monett,3
2021-10-26,Branson,4,Neosho,1
2021-10-26,Republic,2,Nixa,0
2021-10-26,Wright City,2,North Point,7
2021-10-26,St. Francis Borgia,0,Northwest (Cedar Hill),4
2021-10-26,Carthage,2,Ozark,0
2021-10-26,Seckman,7,Pacific,0
2021-10-26,Lee's Summit West,2,Park Hill,0
2021-10-26,Bolivar,5,Parkview,1
2021-10-26,Eureka,3,Parkway North,0
2021-10-26,Lindbergh,2,Perryville,1
2021-10-26,Odessa,3,Pleasant Hill,2
2021-10-26,Central (Cape Girardeau),3,Poplar Bluff,1
2021-10-26,Principia,5,Priory,4
2021-10-26,William Chrisman,4,Raytown,0
2021-10-26,Kearney,4,Raytown South,2
2021-10-26,Parkway West,0,Rockwood Summit,1
2021-10-26,Fatima,2,Sacred Heart,0
2021-10-26,Ft. Zumwalt North,1,St. Charles West,0
2021-10-26,Hillsboro,9,St. Clair,1
2021-10-26,John Burroughs,1,St. Dominic,2
2021-10-26,St. Michael the Archangel,4,St. Pius X (Kansas City),3
2021-10-26,Festus,2,Webb City,1
2021-10-26,Lafayette (St. Joseph),0,Summit Christian Academy,7
2021-10-26,Brentwood,2,University City,3
2021-10-26,Orchard Farm,3,Veritas Christian Academy,0
2021-10-26,Helias Catholic,0,Vianney,8
2021-10-26,Oak Grove,3,Warrensburg,4
2021-10-26,Union,4,Warrenton,0
2021-10-26,Francis Howell North,1,Washington,2
2021-10-26,Joplin,4,Webb City,2
2021-10-26,Mehlville,1,Webster Groves,1
2021-10-26,Rolla,2,West Plains,3
2021-10-26,Valley Park,0,Whitfield,8
2021-10-26,Carl Junction,0,Willard,6
2021-10-26,North County,1,Windsor (Imperial),0
2021-10-26,Platte County,8,Winnetonka,0
2021-10-27,Lutheran North,1,Affton,5
2021-10-27,Liberty,4,Blue Springs South,2
2021-10-27,Savannah,0,Chillicothe,3
2021-10-27,Crocker,2,Dixon,0
2021-10-27,Hillsboro,1,Fox,0
2021-10-27,Lutheran St. Charles,3,Hazelwood West,2
2021-10-27,Laquey,3,Iberia,1
2021-10-27,Blue Springs,0,Lee's Summit North,3
2021-10-27,Westminster Christian Academy,5,Lutheran South,0
2021-10-27,University City,3,McCluer North,1
2021-10-27,Ritenour,1,Mehlville,6
2021-10-27,Hancock,1,Metro,6
2021-10-27,Staley,5,Oak Park,0
2021-10-27,Winfield,0,Orchard Farm,8
2021-10-27,Farmington,4,Poplar Bluff,1
2021-10-27,St. Pius X (Festus),4,Sikeston,0
2021-10-27,John Burroughs,1,St. Dominic,2
2021-10-27,Pacific,2,Windsor (Imperial),0
2021-10-28,Fulton,6,Canton,1
2021-10-28,DeSoto,0,Central (Cape Girardeau),4
2021-10-28,Logan-Rogersville,1,Central (Springfield),0
2021-10-28,Maplewood-Richmond Hts.,0,Clayton,6
2021-10-28,Center,0,Clinton,5
2021-10-28,Harrisonville,0,Excelsior Springs,1
2021-10-28,Wright City,1,Festus,2
2021-10-28,Raytown,2,Fort Osage,7
2021-10-28,Winnetonka,0,Grandview,5
2021-10-28,St. Paul Lutheran (Concordia),1,Green Ridge,0
2021-10-28,McCluer North,2,Hazelwood East,1
2021-10-28,Hannibal,0,Hickman,3
2021-10-28,Rockwood Summit,3,Jackson,0
2021-10-28,Ruskin,0,Kearney,8
2021-10-28,Whitfield,2,Ladue Horton Watkins,1
2021-10-28,Francis Howell North,0,Liberty (Wentzville),1
2021-10-28,Veritas Christian Academy,1,Lutheran South,4
2021-10-28,Francis Howell Central,1,Marquette,0
2021-10-28,Webb City,3,McDonald County,0
2021-10-28,Helias Catholic,7,Mexico,3
2021-10-28,Monett,1,Nixa,0
2021-10-28,Windsor (Imperial),0,Oakville,2
2021-10-28,Lutheran (Kansas City),1,Odessa,7
2021-10-28,Savannah,2,Ozark,5
2021-10-28,Pattonville,1,Parkway Central,2
2021-10-28,McCluer,0,Parkway North,8
2021-10-28,De Smet Jesuit,2,Parkway South,1
2021-10-28,Raytown South,0,Smithville,1
2021-10-28,Winfield,0,St. Charles,3
2021-10-28,Ft. Zumwalt East,3,Timberland,0
2021-10-28,Washington,2,Troy Buchanan,0
2021-10-28,Grain Valley,3,St. Charles,1
2021-10-28,Capital City,4,Waynesville,2
2021-10-28,Belton,1,William Chrisman,0
2021-10-30,Bayless,0,Windsor (Imperial),1
2021-10-30,DeSoto,3,North County,1
2021-10-30,Duchesne,1,St. Charles,2
2021-10-30,Whitfield,7,Lutheran North,0
2021-10-30,Orchard Farm,8,University City,0
2021-10-30,Monett,3,Cassville,0
2021-10-30,Osage,7,Aurora,0
2021-10-30,Clinton,4,Greenwood,1
2021-10-30,Benton,0,Kirksville,3
2021-10-30,Chillicothe,8,Lafayette (St. Joseph),0
2021-10-30,Savannah,8,Cameron,0
2021-10-30,Notre Dame (Cape Girardeau),9,Festus,1
2021-10-30,Farmington,0,Hillsboro,1
2021-10-30,Mehlville,8,Lutheran South,0
2021-10-30,Central (Cape Girardeau),3,Sikeston,0
2021-10-30,Ladue Horton Watkins,3,Parkway North,1
2021-10-30,Clayton,1,Parkway Central,2
2021-10-30,Webster Groves,2,Principia,0
2021-10-30,MICDS,1,Parkway West,0
2021-10-30,Ft. Zumwalt South,14,Hazelwood East,0
2021-10-30,North Point,8,McCluer North,0
2021-10-30,Ft. Zumwalt East,15,McCluer,0
2021-10-30,Hannibal,5,Warrenton,0
2021-10-30,Rockwood Summit,8,Camdenton,0
2021-10-30,Rolla,2,Union,0
2021-10-30,Capital City,6,Pacific,1
2021-10-30,Jefferson City,2,Washington,1
2021-10-30,Glendale,8,Hillcrest,0
2021-10-30,Parkview,0,West Plains,1
2021-10-30,Branson,8,Lebanon,0
2021-10-30,Springfield Catholic,3,Marshfield,0
2021-10-30,William Chrisman,6,Warrensburg,2
2021-10-30,St. Paul Lutheran (Concordia),2,St. Michael the Archangel,6
2021-10-30,Van Horn,6,Raytown South,0
2021-10-30,Grain Valley,3,Savannah,2
2021-10-30,Pembroke Hill,8,Winnetonka,0
2021-10-30,Guadalupe Centers Charter,4,Lincoln College Prep,1
2021-10-30,Platte County,3,East (Kansas City),0
2021-10-30,Smithville,3,Kearney,0
2021-10-30,Jackson,4,Fox,0
2021-10-30,Northwest (Cedar Hill),3,Lindbergh,1
2021-10-30,Vianney,8,Poplar Bluff,0
2021-10-30,Oakville,3,Seckman,1
2021-10-30,SLUH,13,Hazelwood Central,0
2021-10-30,Francis Howell North,3,Ritenour,0
2021-10-30,Chaminade College Prep,2,Hazelwood West,0
2021-10-30,John Burroughs,3,Pattonville,0
2021-10-30,St. Dominic,3,Ft. Zumwalt North,0
2021-10-30,Timberland,0,Francis Howell Central,3
2021-10-30,Liberty (Wentzville),2,Holt,1
2021-10-30,Francis Howell,1,Ft. Zumwalt West,0
2021-10-30,Kickapoo,4,Waynesville,1
2021-10-30,Joplin,2,Republic,1
2021-10-30,Nixa,3,Central (Springfield),0
2021-10-30,Ozark,2,Carthage,3
2021-10-30,Hickman,4,Helias Catholic,1
2021-10-30,Rock Bridge,1,Troy Buchanan,0
2021-10-30,Blue Springs,3,Fort Osage,0
2021-10-30,Rockhurst,8,Raytown,0
2021-10-30,Raymore-Peculiar,6,Belton,2
2021-10-30,Lee's Summit,3,St. Charles,1
2021-10-30,Lee's Summit West,3,Lee's Summit North,2
2021-10-30,Liberty,5,Oak Park,0
2021-10-30,Staley,1,Liberty North,0
2021-10-30,Park Hill,2,Central (St. Joseph),1
2021-10-30,Park Hill South,1,North Kansas City,2
2021-11-01,St. Paul Lutheran (Farmington),1,Hancock,2
2021-11-01,Metro,4,McKinley Classical Leadership,1
2021-11-01,Maplewood-Richmond Hts.,5,Cardinal Ritter,0
2021-11-01,Fatima,8,Calvary Lutheran,0
2021-11-01,Iberia,6,Richland,1
2021-11-01,Willard,2,Cole Camp,0
2021-11-01,Summit Christian Academy,9,Cristo Rey,0
2021-11-01,Maryville,9,Lutheran (Kansas City),1
2021-11-01,Perryville,7,Windsor (Imperial),0
2021-11-01,Webster Groves,4,Webb City,0
2021-11-01,Westminster Christian Academy,3,St. Charles,0
2021-11-01,Whitfield,3,Orchard Farm,2
2021-11-01,Logan-Rogersville,2,Monett,1
2021-11-01,Osage,2,Clinton,1
2021-11-01,Sacred Heart,0,Oak Grove,3
2021-11-01,Marshall,5,Boonville,2
2021-11-01,Odessa,8,Moberly,0
2021-11-01,St. Pius X (Kansas City),2,Pleasant Hill,1
2021-11-01,Barstow,7,Northeast (Kansas City),0
2021-11-01,Bishop LeBlond,4,Kirksville,0
2021-11-01,Chillicothe,3,Savannah,2
2021-11-01,Rockwood Summit,8,Rolla,0
2021-11-01,Capital City,2,Jefferson City,0
2021-11-01,Glendale,8,West Plains,0
2021-11-01,Branson,1,Springfield Catholic,5
2021-11-01,Neosho,8,Ruskin,0
2021-11-01,Willard,2,Grandview,1
2021-11-01,Bolivar,6,McDonald County,0
2021-11-01,Webb City,4,Carl Junction,1
2021-11-01,Pembroke Hill,3,Guadalupe Centers Charter,5
2021-11-01,Platte County,3,Smithville,1
2021-11-01,Christian Brothers College,3,Priory,0
2021-11-01,Lafayette (Wildwood),3,Kirkwood,1
2021-11-01,Marquette,6,Parkway South,1
2021-11-01,De Smet Jesuit,2,Eureka,0
2021-11-01,Hickman,0,Rock Bridge,1
2021-11-01,Blue Springs South,0,Blue Springs,1
2021-11-02,St. Pius X (Festus),8,Hancock,0
2021-11-02,Bishop DuBourg,4,Valley Park,3
2021-11-02,Brentwood,8,Metro,0
2021-11-02,Gateway Science Charter,4,Maplewood-Richmond Hts.,1
2021-11-02,Lutheran St. Charles,5,Canton,0
2021-11-02,Father Tolton,2,Fatima,1
2021-11-02,St. Francis Borgia,5,Missouri Military Academy,0
2021-11-02,Laquey,7,Iberia,0
2021-11-02,Dixon,3,Crocker,2
2021-11-02,New Covenant Academy,1,Fair Grove,2
2021-11-02,Smithton,9,Green Ridge,1
2021-11-02,Knob Noster,1,Lone Jack,0
2021-11-02,St. Charles West,1,Winfield,2
2021-11-02,Fulton,5,Mexico,3
2021-11-02,Veritas Christian Academy,4,Wright City,0
2021-11-02,Excelsior Springs,2,Oak Grove,0
2021-11-02,Marshall,1,Odessa,0
2021-11-02,Harrisonville,1,St. Pius X (Kansas City),0
2021-11-02,Barstow,1,Center,0
2021-11-02,Notre Dame (Cape Girardeau),6,Hillsboro,0
2021-11-02,Mehlville,7,Central (Cape Girardeau),0
2021-11-02,Ladue Horton Watkins,2,Parkway Central,1
2021-11-02,Webster Groves,1,MICDS,0
2021-11-02,Ft. Zumwalt South,8,North Point,0
2021-11-02,Ft. Zumwalt East,3,Hannibal,2
2021-11-02,Neosho,8,Willard,0
2021-11-02,Bolivar,3,Webb City,1
2021-11-02,William Chrisman,2,St. Michael the Archangel,1
2021-11-02,Van Horn,1,Grain Valley,0
2021-11-02,Jackson,1,Northwest (Cedar Hill),0
2021-11-02,Vianney,2,Oakville,1
2021-11-02,Christian Brothers College,1,Lafayette (Wildwood),0
2021-11-02,Marquette,3,De Smet Jesuit,0
2021-11-02,St. Dominic,4,Francis Howell Central,0
2021-11-02,Liberty (Wentzville),3,Francis Howell,0
2021-11-02,Kickapoo,4,Joplin,1
2021-11-02,Nixa,1,Carthage,2
2021-11-02,Rockhurst,3,Raymore-Peculiar,0
2021-11-02,Lee's Summit,1,Lee's Summit West,3
2021-11-02,Liberty,2,Staley,1
2021-11-02,Park Hill,2,North Kansas City,0
2021-11-03,Crossroads College Preparatory,6,STEAM Academy,1
2021-11-03,Father Tolton,0,St. Francis Borgia,1
2021-11-03,Laquey,5,Dixon,1
2021-11-03,Summit Christian Academy,1,Maryville,2
2021-11-03,Westminster Christian Academy,0,Whitfield,2
2021-11-03,Southern Boone,3,Winfield,0
2021-11-03,Fulton,1,Veritas Christian Academy,2
2021-11-03,Logan-Rogersville,3,Osage,1
2021-11-03,Bishop LeBlond,0,Chillicothe,1
2021-11-03,Rockwood Summit,6,Capital City,0
2021-11-03,Glendale,3,Springfield Catholic,2
2021-11-03,Platte County,1,Guadalupe Centers Charter,3
2021-11-03,SLUH,5,Francis Howell North,0
2021-11-03,Chaminade College Prep,0,John Burroughs,1
2021-11-03,Blue Springs,3,Rock Bridge,0
2021-11-04,St. Pius X (Festus),3,Bishop DuBourg,0
2021-11-04,Brentwood,4,Gateway Science Charter,2
2021-11-04,Lutheran St. Charles,7,Crossroads College Preparatory,0
2021-11-04,Smithton,2,Knob Noster,0
2021-11-04,Affton,1,Webster Groves,2
2021-11-04,Excelsior Springs,4,Marshall,0
2021-11-04,Harrisonville,4,Barstow,3
2021-11-04,Notre Dame (Cape Girardeau),1,Mehlville,2
2021-11-04,Ladue Horton Watkins,2,Webster Groves,1
2021-11-04,Ft. Zumwalt South,2,Ft. Zumwalt East,1
2021-11-04,Neosho,3,Bolivar,1
2021-11-04,William Chrisman,1,Van Horn,2
2021-11-04,Jackson,2,Vianney,1
2021-11-04,Christian Brothers College,1,Marquette,2
2021-11-04,St. Dominic,1,Liberty (Wentzville),2
2021-11-04,Kickapoo,3,Carthage,0
2021-11-04,Rockhurst,3,Lee's Summit West,1
2021-11-04,Liberty,0,Park Hill,1
2021-11-05,Southern Boone,0,Veritas Christian Academy,1
2021-11-06,SLUH,0,John Burroughs,1
2021-11-13,Brentwood,1,St. Pius X (Festus),7
2021-11-13,Fair Grove,2,Laquey,0
2021-11-13,St. Francis Borgia,1,Lutheran St. Charles,2
2021-11-13,Maryville,1,Smithton,0
2021-11-13,Webster Groves,1,Perryville,6
2021-11-13,Excelsior Springs,3,Logan-Rogersville,2
2021-11-13,Veritas Christian Academy,0,Whitfield,6
2021-11-13,Chillicothe,0,Harrisonville,1
2021-11-13,Ladue Horton Watkins,2,Mehlville,0
2021-11-13,Neosho,2,Glendale,3
2021-11-13,Rockwood Summit,1,Ft. Zumwalt South,2
2021-11-13,Guadalupe Centers Charter,0,Van Horn,2
2021-11-13,Marquette,0,Jackson,1
2021-11-13,Blue Springs,1,Kickapoo,0
2021-11-13,Liberty (Wentzville),0,John Burroughs,2
2021-11-13,Park Hill,0,Rockhurst,1
2021-11-19,Fair Grove,0,St. Pius X (Festus),4
2021-11-19,Maryville,0,Lutheran St. Charles,1
2021-11-19,Excelsior Springs,3,Perryville,4
2021-11-19,Harrisonville,0,Whitfield,5
2021-11-19,Glendale,1,Ladue Horton Watkins,2
2021-11-19,Van Horn,1,Ft. Zumwalt South,4
2021-11-19,Blue Springs,1,Jackson,2
2021-11-19,Rockhurst,2,John Burroughs,1
2021-11-20,Lutheran St. Charles,3,St. Pius X (Festus),0
2021-11-20,Maryville,5,Fair Grove,0
2021-11-20,Whitfield,4,Perryville,2
2021-11-20,Harrisonville,1,Excelsior Springs,3
2021-11-20,Ft. Zumwalt South,2,Ladue Horton Watkins,1
2021-11-20,Van Horn,2,Glendale,3
2021-11-20,Rockhurst,2,Jackson,0
2021-11-20,John Burroughs,3,Blue Springs,2
